owner,repo,downstream_cnt
pytorch,pytorch,46930
UKPLab,sentence-transformers,46188
albumentations-team,albumentations,28591
duckdb,duckdb,21833
pola-rs,polars,21227
bitsandbytes-foundation,bitsandbytes,9779
pgvector,pgvector-python,6624
serengil,deepface,6030
SYSTRAN,faster-whisper,5384
sst,sst,5126
aws,sagemaker-python-sdk,4284
langfuse,langfuse-python,3183
sinaptik-ai,pandas-ai,2995
pykeio,ort,2096
docling-project,docling,1597
gojasper,flash-diffusion,1507
stanfordnlp,dspy,1344
baidubce,bce-qianfan-sdk,1277
dmlc,gluon-nlp,1212
huggingface,smolagents,1142
dipy,dipy,1083
huggingface,text-generation-inference,1042
google-ai-edge,mediapipe,887
scikit-hep,awkward,858
TorchIO-project,torchio,849
run-llama,llama-hub,768
hexgrad,kokoro,741
castorini,pyserini,666
tracel-ai,burn,664
neptune-ai,neptune-client,624
thuml,depyf,564
sigsep,open-unmix-pytorch,555
pipecat-ai,pipecat,549
jcmgray,autoray,549
feast-dev,feast,530
getkeops,keops,507
datastax,ragstack-ai,506
OpenInterpreter,open-interpreter,497
deepchecks,deepchecks,388
Aider-AI,aider,379
,Tony-Ypytorchwarmup,366
lightly-ai,lightly,347
embeddings-benchmark,mteb,341
apache,iotdb,320
xhluca,bm25s,306
mert-kurttutan,torchview,297
replicate,cog,266
facebookresearch,ava-256,261
MultimediaTechLab,YOLO,255
Lightning-AI,LitServe,255
NVIDIA,NeMo-Guardrails,250
redis,redis-vl-python,242
pykeen,pykeen,241
apple,ml-cross-entropy,232
,facebookresearchschedulefree,220
facebookresearch,ParlAI,215
lhotse-speech,lhotse,199
CNChTu,FCPE,192
kuzudb,kuzu,172
Lightning-AI,litdata,167
neo4j,neo4j-graphrag-python,159
dssg,aequitas,148
sbi-dev,sbi,138
KindXiaoming,pykan,131
truera,trulens,130
AnswerDotAI,byaldi,129
f-dangel,backpack,128
thewh1teagle,kokoro-onnx,127
HKUDS,LightRAG,127
KoljaB,RealtimeTTS,111
Lightning-AI,litgpt,106
microsoft,onnxruntime-genai,104
CyberZHG,keras-radam,93
lenskit,lkpy,93
opea-project,GenAIComps,88
hubertsiuzdak,snac,86
asg017,sqlite-vec,85
cmusatyalab,openface,78
Farama-Foundation,Minari,75
flashinfer-ai,flashinfer,71
fepegar,unet,67
jiaweizzhao,GaLore,65
,openvinotoolkit,64
KohakuBlueleaf,PixelOE,62
aleximmer,Laplace,60
opendatalab,UniMERNet,59
Blaizzy,mlx-vlm,57
imbue-ai,carbs,57
norse,norse,55
Filimoa,open-parse,52
McGill-NLP,weblinx,52
MinishLab,model2vec,52
huggingface,lighteval,51
qiboteam,qibo,51
lm-sys,RouteLLM,48
aws,aws-k8s-tester,45
McGill-NLP,llm2vec,44
mustafaaljadery,lightning-whisper-mlx,43
,callummcdougallsaevis,43
vra,flopth,43
AWehenkel,UMNN,42
vllm-project,llm-compressor,40
roboflow,maestro,40
getzep,graphiti,40
predict-idlab,pyRDF2Vec,40
PAIR-code,lit,38
gempy-project,gempy,38
ContextualAI,gritlm,37
SylphAI-Inc,AdalFlow,36
IntelLabs,bayesian-torch,36
,alxndrTL,35
voicepaw,so-vits-svc-fork,33
dreadnode,rigging,32
amazon-science,chronos-forecasting,32
taosdata,TDengine,32
RapidAI,RapidOCR,30
openai,evals,30
fracdiff,fracdiff,30
colour-science,colour-checker-detection,29
Schroedinger-Hat,ImageGoNord-pip,28
allenai,OLMo-core,28
landing-ai,vision-agent,28
basetenlabs,truss,28
dleemiller,WordLlama,27
conjuncts,gmft,27
OatmealLiu,FineR,27
lucidrains,adam-atan2-pytorch,26
huggingface,chug,26
google-research,timesfm,26
,googlegemmapytorch,26
scikit-learn-contrib,hiclass,25
NVIDIA,Megatron-Energon,25
Lightning-AI,lightning-thunder,24
myshell-ai,MeloTTS,23
sintel-dev,Orion,23
AI-Hypercomputer,JetStream,23
argmaxinc,DiffusionKit,23
xdit-project,xDiT,22
NVIDIA,nvidia-resiliency-ext,22
mil-tokyo,webdnn,22
sdv-dev,SDGym,21
filipstrand,mflux,21
flexcompute,tidy3d,20
instructlab,instructlab,20
kubeflow,trainer,20
microsoft,BitBLAS,20
SapienzaNLP,relik,19
facebookresearch,audioseal,19
kornia,kornia-rs,19
davidberenstein1957,fast-sentence-transformers,19
SalesforceAIResearch,uni2ts,18
nanoporetech,medaka,18
oramasearch,oramacore,18
fal-ai,aura-sr,18
IBM,terratorch,18
rentruewang,koila,17
SURGroup,UQpy,17
ieasybooks,tafrigh,17
henrysky,astroNN,17
MouseLand,Kilosort,17
mmschlk,shapiq,17
graphsignal,graphsignal-python,16
allenai,reward-bench,16
google-ai-edge,ai-edge-torch,16
Blaizzy,mlx-audio,16
stanfordnlp,pyreft,15
mit-han-lab,torchsparse,15
GraySwanAI,nanoGCG,15
cognitivecomputations,grokadamw,14
google-deepmind,concordia,14
,ggerganov,14
bespokelabsai,curator,14
SonyCSLParis,music2latent,14
Byaidu,PDFMathTranslate,14
alphacep,vosk-tts,14
iamgroot42,mimir,13
pomonam,kronfluence,13
scaleoutsystems,fedn,13
athina-ai,athina-evals,13
lucidrains,ring-attention-pytorch,13
discus0434,aesthetic-predictor-v2-5,12
EL-BID,urbanpy,12
jmschrei,tangermeme,12
facebookresearch,tacto,12
jackboyla,GLiREL,12
NVIDIA,cudnn-frontend,11
ankandrew,fast-plate-ocr,11
moment-timeseries-foundation-model,moment,11
kyutai-labs,moshi,10
PriorLabs,tabpfn-client,10
megvii-research,HiDiffusion,10
modelscope,modelscope-agent,10
ugr-sail,sinergym,10
HomebrewML,HeavyBall,10
i-am-bee,beeai,9
facebookresearch,detr,9
All-Hands-AI,OpenHands,9
rachtibat,LRP-eXplains-Transformers,9
JailbreakBench,jailbreakbench,9
IAHispano,Audio-Upscaler,9
TorchJD,torchjd,9
emcie-co,parlant,9
microsoft,aurora,8
ibm-granite,granite-tsfm,8
microsoft,MInference,8
easy-graph,Easy-Graph,8
EasyJailbreak,EasyJailbreak,8
codelion,adaptive-classifier,8
astro-informatics,s2fft,8
orbital-materials,orb-models,8
huggingface,ratchet,7
mlc-ai,xgrammar,7
Novartis,torchsurv,7
andrewharp,ComfyUI-EasyNodes,7
NVlabs,MambaVision,7
BasedHardware,omi,7
helicalAI,helical,7
microsoft,OptiGuide,6
ENHANCE-PET,MOOSE,6
dvlab-research,MGM,6
brainglobe,cellfinder,6
Auto1111SDK,Auto1111SDK,6
som-shahlab,femr,6
segmind,segmoe,6
datamol-io,safe,6
opengeos,HyperCoast,6
interactiveaudiolab,ppgs,6
AIR-Bench,AIR-Bench,6
OpenLMLab,LOMO,6
raznem,parsera,6
ComposioHQ,composio,6
mostly-ai,mostlyai,6
OthersideAI,self-operating-computer,6
EMI-Group,evox,6
lucidrains,titans-pytorch,5
lucidrains,transfusion-pytorch,5
hyperonym,basaran,5
outspeed-ai,outspeed,5
intelligent-machine-learning,dlrover,5
songweige,content-debiased-fvd,5
,nestaukojddapsskills,5
zipnn,zipnn,5
zsylvester,segmenteverygrain,5
huggingface,nanotron,5
allwefantasy,auto-coder,5
lucidrains,mmdit,5
kotaro-kinoshita,yomitoku,5
MorganCThomas,MolScore,5
defog-ai,sqlcoder,5
OATML-Markslab,ProteinNPT,5
instanseg,instanseg,5
quantalogic,quantalogic,4
MadryLab,context-cite,4
zjunlp,EasyInstruct,4
dynamiq-ai,dynamiq,4
OleehyO,TexTeller,4
ml-energy,zeus,4
salute-developers,GigaAM,4
soda-inria,carte,4
NVIDIA,nvmath-python,4
lucidrains,minGRU-pytorch,4
TUDB-Labs,MixLoRA,4
axondeepseg,axondeepseg,4
xingchensong,S3Tokenizer,4
AmazingDD,daisyRec,4
Leeroo-AI,mergoo,4
pablovela5620,mini-dust3r,4
muditbhargava66,PyxLSTM,4
1ssb,torchkan,4
NVIDIA,earth2studio,4
autonomousvision,navsim,4
OSU-NLP-Group,HippoRAG,4
astramind-ai,Auralis,4
ThuCCSLab,JailbreakEval,4
ucbepic,docetl,4
swoole,phpy,4
mit-han-lab,nunchaku,4
genmoai,mochi,4
BigDataBiology,SemiBin,4
EleutherAI,sparsify,3
lifeiteng,OmniSenseVoice,3
empirical-run,empirical,3
lucidrains,autoregressive-diffusion-pytorch,3
weihuayi,fealpy,3
lucidrains,alphafold3-pytorch,3
codelion,optillm,3
camel-ai,crab,3
dpeerlab,spectra,3
pytorch,torchft,3
cvs-health,langfair,3
gaigutherz,Akkademia,3
mulanai,MuLan,3
astramind-ai,Mixture-of-depths,3
kyegomez,Jamba,3
AK391,ai-gradio,3
basf,mamba-tabular,3
TIGER-AI-Lab,Mantis,3
zamling,PSALM,3
huggingface,optimum-nvidia,3
,openclimatefixskillfulnowcasting,3
mbodiai,embodied-agents,3
AI4WA,Docs2KG,3
TY-Cheng,torchvinecopulib,3
google,cameratrapai,3
RingBDStack,SocialED,3
opengeos,geoai,3
denser-org,denser-retriever,3
NVIDIA,logits-processor-zoo,3
openrecall,openrecall,3
WecoAI,aideml,3
NVlabs,gbrl,3
trustgraph-ai,trustgraph,3
ServerlessLLM,ServerlessLLM,3
arkohut,pensieve,3
zhuhanqing,APOLLO,3
alibaba,MNN,3
LMCache,LMCache,3
Adibvafa,CodonTransformer,3
NeuralCarver,Michelangelo,3
KRLabsOrg,LettuceDetect,3
mathLab,PINA,3
hao-ai-lab,LookaheadDecoding,3
AudiogenAI,agc,3
microsoft,semanticworkbench,3
santinic,audiblez,2
nitrain,nitrain,2
SynaLinks,HybridAGI,2
Emerging-AI,ENOVA,2
fynnfluegge,codeqai,2
RightTyper,RightTyper,2
ESA-PhiLab,Major-TOM,2
dholzmueller,pytabkit,2
QuarticCat,detypify,2
aws-samples,foundation-model-benchmarking-tool,2
zetane,ZetaForge,2
vectorch-ai,ScaleLLM,2
ray-project,deltacat,2
overeasy-sh,overeasy,2
pdebench,PDEBench,2
PrunaAI,pruna,2
lucidrains,infini-transformer-pytorch,2
idea-fasoc,OpenFASOC,2
MDK8888,GPTFast,2
OpenMachine-ai,transformer-tricks,2
superagent-ai,super-rag,2
nath1295,LLMFlex,2
alipay,YiJian-Community,2
bytedance,Protenix,2
DeepRank,Deeprank-GNN,2
logix-project,logix,2
daxa-ai,pebblo,2
QingruZhang,PASTA,2
premAI-io,premsql,2
DeepWok,mase,2
vietanhdev,samexporter,2
PaddlePaddle,PaddleSpatial,2
polixir,OfflineRL,2
leafspark,AutoGGUF,2
WassimTenachi,PhySO,2
see2sound,see2sound,2
test-zeus-ai,testzeus-hercules,2
sh-lee97,grafx,2
pengzhangzhi,faplm,2
usefulsensors,moonshine,2
a-r-r-o-w,finetrainers,2
rentruewang,bocoel,2
tile-ai,tilelang,2
InternLM,HuixiangDou,2
bnsreenu,digitalsreeni-image-annotator,2
lucidrains,nGPT-pytorch,2
McGill-NLP,webllama,2
hitsz-ids,airda,2
Finity-Alpha,OpenVoiceChat,2
metauto-ai,GPTSwarm,2
apple,corenet,2
cdiddy77,react-native-llm-mediapipe,2
oxpig,AntiFold,2
foges,whisper-dictation,2
varunshenoy,super-json-mode,2
patched-codes,patchwork,2
plinder-org,plinder,2
kyegomez,ScreenAI,2
EveripediaNetwork,fastc,2
lucidrains,titok-pytorch,2
hayabhay,frogbase,2
eole-nlp,eole,2
kolenaIO,autoarena,2
kyegomez,xLSTM,2
mit-han-lab,distrifuser,2
gbouras13,phold,2
berylliumsec,nebula,2
iShohei220,adopt,2
kyegomez,AlphaFold3,2
kyegomez,MambaByte,2
kyegomez,MORPHEUS-1,2
KhoomeiK,LlamaGym,2
AI-Hypercomputer,xpk,2
cartesia-ai,edge,2
lucidrains,lumiere-pytorch,2
pkjmesra,PKScreener,2
naver-ai,rdnet,1
tsinghua-fib-lab,agentsociety,1
VITA-Group,Q-GaLore,1
lucidrains,PEER-pytorch,1
turbo-llm,turbo-alignment,1
lucidrains,e2-tts-pytorch,1
jialuechen,torchquant,1
PrimeIntellect-ai,OpenDiloco,1
lucasnewman,nanospeech,1
alexzhang13,flashattention2-custom-mask,1
lucidrains,rectified-flow-pytorch,1
PrimeIntellect-ai,prime,1
kvcache-ai,ktransformers,1
HuiResearch,Fast-Spark-TTS,1
Vincentqyw,image-matching-webui,1
NASA-IMPACT,Prithvi-WxC,1
ihp-lab,LibreFace,1
kyegomez,LFM,1
revdotcom,reverb,1
Softcatala,open-dubbing,1
timeplus-io,proton,1
google-ai-edge,model-explorer,1
ControlNet,AV-Deepfake1M,1
mingukkang,elatentlpips,1
flairNLP,transformer-ranker,1
simular-ai,Agent-S,1
Keytoyze,VisionTS,1
microsoft,RD-Agent,1
felafax,felafax,1
ulab-uiuc,research-town,1
lucidrains,native-sparse-attention-pytorch,1
huggingface,optimum-tpu,1
wangzhaode,llm-export,1
icbcbicc,IQA-Dataset,1
NVIDIA,kvpress,1
chatsci,Aeiva,1
BioinfoMachineLearning,PoseBench,1
XMU-Kuangnan-Fang-Team,GENetLib,1
CraftJarvis,MineStudio,1
fixie-ai,ultravox,1
Not-Diamond,RoRF,1
HanGuo97,flute,1
cambrian-mllm,cambrian,1
Ascend,pytorch,1
HKUDS,MiniRAG,1
NVIDIA,aistore,1
invariantlabs-ai,invariant,1
Tencent,Hunyuan3D-2,1
X-LANCE,AniTalker,0
zhengchen1999,RGT,0
,ifromeastcudalearning,0
,01-ai,0
bowang-lab,Graph-Mamba,0
whoiswennie,AI-Vtuber,0
JHLew,MoMo,0
teddylee777,langchain-kr,0
Plachtaa,FAcodec,0
ZZZHANG-jx,DocRes,0
aiplaybookin,novice-ChatGPT,0
qinghew,CharacterFactory,0
bennyschmidt,ragdoll-studio,0
JohannesJolkkonen,funktio-ai-samples,0
IDEA-Research,Motion-X,0
severian42,Vodalus-Expert-LLM-Forge,0
Zyphra,BlackMamba,0
IDEA-Research,HumanTOMATO,0
invictus717,InteractiveVideo,0
IvanDrokin,torch-conv-kan,0
lynxkite,lynxkite,0
3DTopia,LGM,0
xuyuzhuang11,OneBit,0
lss-1138,SegRNN,0
vb000,LookOnceToHear,0
TIGER-AI-Lab,MAmmoTH2,0
,ShmuelRonenComfyUIwav2lip,0
nomic-ai,contrastors,0
yxuhan,CoRA,0
KeyuWu-CS,MonoHair,0
MC-E,DragonDiffusion,0
hemangjoshi37a,TrendMaster,0
MikeWangWZHL,Solo-Performance-Prompting,0
Fugaku-LLM,DeepSpeedFugaku,0
TrackingLaboratory,tracklab,0
javyduck,ChatScene,0
,lllyasvielLayerDiffuseDiffusersCLI,0
facebookresearch,ssl-data-curation,0
I2-Multimedia-Lab,CDFormer,0
yinjunbo,IS-Fusion,0
lrzjason,T2ITrainer,0
multimodal-art-projection,MAP-NEO,0
samar-khanna,DiffusionSat,0
siyuanliii,masa,0
hrnoh24,stream-vc,0
mit-han-lab,Quest,0
JiarunLiu,Swin-UMamba,0
myscience,x-lstm,0
okaris,omni-zero,0
ttxskk,AiOS,0
SoccerNet,sn-gamestate,0
alexstoken,image-matching-models,0
nxNull,DownEdit,0
SHI-Labs,CuMo,0
Event-AHU,OpenPAR,0
mdipietro09,GenerativeAI,0
mustafaaljadery,gemma-2B-10M,0
abeleinin,gp-navigation,0
Siddhant-Goswami,100x-LLM,0
CodingWithLewis,MemeGenerator,0
chrisociepa,allamo,0
bhyang,diffusion-es,0
xinghaochen,SLAB,0
KingNish24,OpenGPT-4o,0
zhaohengyuan1,Genixer,0
agiresearch,Formal-LLM,0
EDiRobotics,GR1-Training,0
instantX-research,InstantID,0
chenyme,Chenyme-AAVT,0
samxuxiang,BrepGen,0
NevermindNilas,TheAnimeScripter,0
THUDM,CogVLM2,0
xiph,opus,0
,TinyLLaVATinyLLaVAFactory,0
alexfazio,viral-clips-crew,0
sumo43,loopvlm,0
facebookresearch,FixRes,0
weify627,4D-Rotor-Gaussians,0
THUDM,LongAlign,0
,Event-AHUMedicalImageAnalysis,0
wangtz19,NetMamba,0
rmusser01,tldw,0
naklecha,llama3-from-scratch,0
ExponentialML,AnimateDiff-MotionDirector,0
xlang-ai,OSWorld,0
mv-lab,InstructIR,0
minyoungg,platonic-rep,0
RLHF-V,RLAIF-V,0
bin123apple,AutoCoder,0
zjp-shadow,CharacterGen,0
NVIDIA,audio-flamingo,0
TIGER-AI-Lab,MMLU-Pro,0
eloialonso,diamond,0
XiaoBuL,CM-UNet,0
YifanXu74,Libra,0
avilliai,Manyana,0
bytedance,decoupleQ,0
mit-han-lab,TinyChatEngine,0
sigopt,sigopt-examples,0
modelscope,FunClip,0
ai4protein,ProSST,0
LeapLabTHU,ExpeL,0
magic-research,piecewise-rectified-flow,0
OpenSenseNova,piccolo-embedding,0
wenhao728,awesome-diffusion-v2v,0
explainingai-code,StableDiffusion-PyTorch,0
OpenBMB,MiniCPM-o,0
chenziwenhaoshuai,Vision-KAN,0
huangjia2019,ai-agents,0
MarkFzp,humanplus,0
NVIDIA,ChatRTX,0
ReproModel,repromodel,0
YHYHYHYHYHY,ATFNet,0
BinNong,meet-libai,0
LucaOne,LucaOne,0
nicknochnack,MLTradingBot,0
AntonioTepsich,Convolutional-KANs,0
AnswerDotAI,ModernBERT,0
nkasmanoff,pi-card,0
treygrainger,ai-powered-search,0
,tangankefusionbench,0
CUHK-AIM-Group,EndoGaussian,0
beeevita,EvoPrompt,0
scaleapi,llm-engine,0
yuehaowang,bilarf,0
honeyandme,RAGQnASystem,0
aws-samples,bedrock-claude-chat,0
czg1225,AsyncDiff,0
gomate-community,rageval,0
Veason-silverbullet,ViTLP,0
henry123-boy,SpaTracker,0
rasbt,pycon2024,0
RUCKBReasoning,TableLLM,0
CaraJ7,CoMat,0
yfeng95,PoseGPT,0
ML-GSAI,MicroDreamer,0
,HowieMaDeepSORTYOLOv5Pytorch,0
run-house,runhouse,0
ModelCloud,GPTQModel,0
ykhli,AI-RPi-detection,0
thu-nics,MoA,0
wutaiqiang,MoSLoRA,0
facebookresearch,r3m,0
Dai-Wenxun,MotionLCM,0
ToTheBeginning,PuLID,0
,ZFTurboclassificationmodels3D,0
prometheus-eval,prometheus-eval,0
NexaAI,octopus-v4,0
wzzheng,GenAD,0
theEricMa,DiffSpeaker,0
cosmicman-cvpr2024,CosmicMan,0
riiswa,kanrl,0
ForMyCat,SparseGS,0
paulengstler,invisible-stitch,0
QitaoZhao,PoseFormerV2,0
,ZFTurbosegmentationmodels3D,0
Blealtan,efficient-kan,0
AdityaNG,kan-gpt,0
AutoSurveys,AutoSurvey,0
QWTforGithub,PUDM,0
HasnainRaz,Fast-SRGAN,0
SamKhoze,ComfyUI-DeepFuze,0
yzGuu830,efficient-speech-codec,0
cristianleoo,models-from-scratch-python,0
BAAI-DCAI,M3D,0
basetenlabs,truss-examples,0
Mohamedelrefaie,DrivAerNet,0
,stay-leaveenhancellm,0
PhoenixZ810,MG-LLaVA,0
X-PLUG,mPLUG-DocOwl,0
CreamyLong,stable-diffusion,0
tau-yihouxiang,X-Ray,0
huwprosser,jarvis-mlx,0
ggjy,DeLVM,0
datawhalechina,tiny-universe,0
YuDeng,Portrait-4D,0
alexeygrigorev,llm-rag-workshop,0
cohere-ai,cohere-toolkit,0
EricLBuehler,xlora,0
DigiRL-agent,digirl,0
PKU-Alignment,aligner,0
bigcode-project,selfcodealign,0
deepmodeling,Uni-Mol,0
naver-ai,egtr,0
TemryL,ComfyUI-IDM-VTON,0
facebookresearch,open-eqa,0
,xhinkersdembed,0
TimSong412,2D-surfel-gaussian,0
ymcui,Chinese-LLaMA-Alpaca-3,0
AnswerDotAI,cold-compress,0
Stability-AI,stable-audio-metrics,0
time-series-foundation-models,lag-llama,0
facebookresearch,advprompter,0
tlc-pack,relax,0
AIFSH,ComfyUI-MimicBrush,0
Indoxer,LKAN,0
huridocs,pdf-document-layout-analysis,0
aim-uofa,FreeCustom,0
pytorch,xla,0
haidog-yaqub,DiffPitcher,0
Orange-OpenSource,Cool-Chic,0
,KTH-RPLneuralgraphmapping,0
SwanHubX,SwanLab,0
lks-ai,ComfyUI-StableAudioSampler,0
facebookresearch,LayerSkip,0
Seagate,cortx,0
MatX-inc,seqax,0
mazurowski-lab,segmentation-guided-diffusion,0
cohere-ai,magikarp,0
Zeying-Gong,PatchMixer,0
TencentARC,SEED-Voken,0
niki-amini-naieni,CountGD,0
alexmolas,microsearch,0
fyyakaxyy,AnimationGPT,0
georgian-io,Knowledge-Distillation-Toolkit,0
zeng-yifei,STAG4D,0
HazyResearch,eclair-agents,0
google-research,omniglue,0
NJU-LHRS,LHRS-Bot,0
NVIDIA,TensorRT-Model-Optimizer,0
mit-han-lab,omniserve,0
BiuYeaf,A-general-framework-to-Prompt-tuning-LLM-model,0
mit-han-lab,deepcompressor,0
lllyasviel,IC-Light,0
ID-Animator,ID-Animator,0
huanngzh,Parts2Whole,0
gkamradt,langchain-tutorials,0
bentrevett,pytorch-sentiment-analysis,0
,EduKgsSmartHealthCareNER,0
HVision-NKU,StoryDiffusion,0
neggles,animatediff-cli,0
YangLing0818,RPG-DiffusionMaster,0
AI-Hypercomputer,maxdiffusion,0
ziyangwang007,Mamba-UNet,0
FAIR-Chem,fairchem,0
openpsi-project,ReaLHF,0
NVIDIA-AI-IOT,torch2trt,0
alfredgu001324,MapUncertaintyPrediction,0
PacktPublishing,Modern-Computer-Vision-with-PyTorch-2E,0
foundation-model-stack,fms-fsdp,0
TonyLianLong,LLM-groundedVideoDiffusion,0
Texera,texera,0
facebookresearch,generative-recommenders,0
SamsungLabs,FineControlNet,0
SqueezeAILab,KVQuant,0
jianchang512,pyvideotrans,0
jy-yuan,KIVI,0
,openaisparseautoencoder,0
MK2112,nn-zero-to-hero-notes,0
MahmoudAshraf97,ctc-forced-aligner,0
fslongjin,TextRecogn,0
YUCHEN005,RobustGER,0
SNU-ARC,any-precision-llm,0
LukeDitria,CNN-VAE,0
,LukeDitriapytorchtutorials,0
NVlabs,BEV-Planner,0
lss-1138,SparseTSF,0
lalanikarim,webrtc-ai-voice-chat,0
tencent-ailab,V-Express,0
,jdrbcpodlypurepodcasts,0
X-LANCE,SLAM-LLM,0
OpenDriveLab,Vista,0
tianyang-x,SaySelf,0
DAMO-NLP-SG,VideoLLaMA2,0
TonyLianLong,CrossMAE,0
AaronZ345,GTSinger,0
camlab-ethz,poseidon,0
tiankuan93,ComfyUI-V-Express,0
Stable-X,StableNormal,0
jishengpeng,ControlSpeech,0
BytedanceSpeech,seed-tts-eval,0
UMass-Embodied-AGI,3D-VLA,0
mezbaul-h,june,0
lenML,Speech-AI-Forge,0
revalo,tree-diffusion,0
X-PLUG,MobileAgent,0
,gokayfemComfyUIVLMnodes,0
MS-Diffusion,MS-Diffusion,0
BlackPearl-Lab,KddCup-2024-OAG-Challenge-1st-Solutions,0
ictnlp,StreamSpeech,0
InternLM,InternLM-Math,0
feizc,Dimba,0
COLA-Laboratory,TransOPT,0
scott-yjyang,Vivim,0
,huchenleiComfyUIomost,0
zju-vipa,Odyssey,0
VedankPurohit,LiveRecall,0
bentoml,BentoDiffusion,0
twke18,SPML,0
HKoon,ChatTTS-OpenVoice,0
HKUDS,XRec,0
THUDM,GLM-4,0
LiuHaiChuan0,2021-Deep-learning,0
brucepro,Memoir,0
liguopeng0923,UCVGL,0
alisawuffles,proxy-tuning,0
arj7192,MasteringPyTorchV2,0
IDEA-Research,MotionLLM,0
MyNiuuu,MOFA-Video,0
histmeisah,Large-Language-Models-play-StarCraftII,0
TransformerOptimus,AutoNode,0
epistoteles,TensorHue,0
zju3dv,IntrinsicAnything,0
XPixelGroup,DepictQA,0
FareedKhan-dev,AI-text-to-video-model-from-scratch,0
OpenDriveLab,MPI,0
,wxywbhistoryrag,0
NVIDIA,VideoProcessingFramework,0
aqlaboratory,genie2,0
lllyasviel,Omost,0
TMElyralab,Comfyui-MusePose,0
YangXuanyi,Multi-Agent-GPT,0
EmbeddedLLM,JamAIBase,0
yukara-ikemiya,friendly-stable-audio-tools,0
microsoft,BiomedParse,0
FutureUniant,Tailor,0
smartyfh,LLM-Uncertainty-Bench,0
AIGODLIKE,ComfyUI-ToonCrafter,0
Picsart-AI-Research,HD-Painter,0
Text-to-Audio,AudioLCM,0
aminebdj,OpenYOLO3D,0
0ssamaak0,CLIPPyX,0
MzeroMiko,VMamba,0
JetXu-LLM,llama-github,0
sangyun884,rfpp,0
Zefan-Cai,KVCache-Factory,0
fumiama,Retrieval-based-Voice-Conversion-WebUI,0
CUHK-AIM-Group,U-KAN,0
,6drf21eChatTTScolab,0
Mxoder,LLM-from-scratch,0
RobvanGastel,dinov2-finetune,0
neonwatty,meme-search,0
Kedreamix,Linly-Talker,0
LazyAGI,LazyLLM,0
jjihwan,SV3D-fine-tune,0
HZAI-ZJNU,Mamba-YOLO,0
haoheliu,SemantiCodec-inference,0
adithya-s-k,omniparse,0
LiveBench,LiveBench,0
BrightPool,prompt-engineering-for-generative-ai-examples,0
Master-PLC,FreDF,0
Sumandora,remove-refusals-with-transformers,0
wdragondragon,apex-yolov5,0
tintn,vision-transformer-from-scratch,0
mazurowski-lab,finetune-SAM,0
Zeyi-Lin,LLM-Finetune,0
SqueezeAILab,TinyAgent,0
agent-husky,Husky-v1,0
donahowe,AutoStudio,0
ShareGPT4Omni,ShareGPT4Video,0
filipbasara0,simple-diffusion,0
PacktPublishing,LLM-Engineers-Handbook,0
jiahao-shao1,ChronoDepth,0
spcl,MRAG,0
mbzuai-metaverse,VOODOO3D-official,0
MrSecant,GaussianGrasper,0
ali-vilab,MimicBrush,0
Ucas-HaoranWei,Vary-toy,0
,jnnantrumansutils,0
opendilab,GenerativeRL,0
gomate-community,TrustRAG,0
SmartFlowAI,EmoLLM,0
saidwivedi,TokenHMR,0
abgulati,LARS,0
bracesproul,gen-ui-python,0
ironjr,grokfast,0
QmiAI,Qmedia,0
web-arena-x,visualwebarena,0
hkust-zhiyao,RTL-Coder,0
ZhenglinZhou,STAR,0
OpenGVLab,VisionLLM,0
Tencent,HunyuanDiT,0
TingtingLiao,CAR,0
SamurAIGPT,Text-To-Video-AI,0
NVlabs,RVT,0
ogkalu2,comic-translate,0
liuff19,Physics3D,0
ShareGPT4Omni,ShareGPT4V,0
NVIDIA,TransformerEngine,0
cure-lab,MagicDrive,0
ge-xing,SegMamba,0
bytedance,flux,0
WooooDyy,AgentGym,0
DachunKai,EvTexture,0
fufankeji,fufan-chat-api,0
AaronZ345,StyleSinger,0
Stability-AI,sd3-ref,0
alibaba-yuanjing-aigclab,ViViD,0
Camb-ai,MARS5-TTS,0
moon-hotel,DeepLearningWithMe,0
YangLing0818,buffer-of-thought-llm,0
microsoft,LongRoPE,0
google-research,nerf-from-image,0
AiuniAI,Unique3D,0
Qihoo360,360zhinao,0
,IAAR-ShanghaiCRUDRAG,0
RUC-NLPIR,FlashRAG,0
AARG-FAN,Image-Vector-for-ComfyUI,0
princeton-vl,SEA-RAFT,0
fuzz4all,fuzz4all,0
THU-MIG,yolov10,0
,large-ocr-model,0
FaceAdapter,Face-Adapter,0
wyysf-98,CraftsMan3D,0
GreenBitAI,bitorch-engine,0
apple,ml-recurrent-drafter,0
TideDra,VL-RLHF,0
thu-coai,CharacterGLM-6B,0
,jjihwanFIFO-Diffusionpublic,0
wty-yy,KataCR,0
mistralai,mistral-finetune,0
IAAR-Shanghai,xFinder,0
thu-ml,MMTrustEval,0
Jeff-LiangF,streamv2v,0
banodoco,Steerable-Motion,0
bigsk1,voice-chat-ai,0
bdaiinstitute,theia,0
KimMeen,Time-LLM,0
brain-score,vision,0
DepthAnything,Depth-Anything-V2,0
Logistic98,rag-omni,0
mst272,LLM-Dojo,0
lilab-stanford,MUSK,0
,sujanshressthaYOLOv10DeepSORT,0
wdndev,llama3-from-scratch-zh,0
dongxuyue,Open-ReplaceAnything,0
Jing-yilin,E2M,0
AIDC-AI,Ovis,0
tenstorrent,tt-buda,0
YuzheZhang-1999,DiffTSR,0
YueFan1014,VideoAgent,0
myscience,open-genie,0
cwx-worst-one,EAT,0
SiavashShams,ssamba,0
premAI-io,benchmarks,0
,lqtrung1998mwpReFT,0
potamides,DeTikZify,0
hacksider,Deep-Live-Cam,0
X-PLUG,Multi-LLM-Agent,0
open-experiments,Telco-AIX,0
arthur-qiu,ReliTalk,0
,ai-winterpythonmotionplanning,0
Francis-Rings,MotionFollower,0
mistralai,mistral-inference,0
thuml,Transolver,0
fudan-generative-vision,hallo,0
FailSpy,abliterator,0
NVIDIA,GenerativeAIExamples,0
kongds,MoRA,0
tommyip,mamba2-minimal,0
,TommyZihaoChatTTSTutorials,0
cotton6,COTTON-size-does-matter,0
tyshiwo1,DiM-DiffusionMamba,0
YUCHEN005,STAR-Adapt,0
tsinghua-fib-lab,UniST,0
xiaoachen98,Open-LLaVA-NeXT,0
Takaaki-Saeki,DiscreteSpeechMetrics,0
runpod,runpodctl,0
lks-ai,anynode,0
open-webui,pipelines,0
aigc-apps,PAI-RAG,0
,yihong0618tgbotcollections,0
ali-vilab,UniAnimate,0
Aiden0526,SymbCoT,0
BIDS-Xu-Lab,Me-LLaMA,0
codefuse-ai,codefuse-chatbot,0
Yanick112,ComfyUI-ToSVG,0
itsnamgyu,block-transformer,0
MolecularAI,Chemformer,0
cvg,nerf-on-the-go,0
Nixtla,nixtla,0
JKerbin,Zhiyin-Butler-Opensource,0
pengHTYX,Era3D,0
modelscope,dash-infer,0
Fanghua-Yu,SUPIR,0
clorislili,ManipLLM,0
dotnet,eShopSupport,0
matatonic,openedai-speech,0
MultimodalUniverse,MultimodalUniverse,0
gordonhu608,MQT-LLaVA,0
MzeroMiko,vHeat,0
LabShuHangGU,MIA-VSR,0
novitalabs,AnimateAnyone,0
thuml,iVideoGPT,0
blazerye,DrugAssist,0
NousResearch,finetuning-subnet,0
Doubiiu,ToonCrafter,0
Tele-AI,TeleSpeech-ASR,0
WxxShirley,GNN4TaskPlan,0
YuchuanTian,U-DiT,0
shaunthecomputerscientist,EDA-GPT,0
HJYao00,DenseConnector,0
seai-lab,TorchSpatial,0
2noise,ChatTTS,0
GoodAI,charlie-mnemonic,0
YangLing0818,EditWorld,0
Telosnex,fllama,0
OSU-NLP-Group,GrokkedTransformer,0
ZubinGou,math-evaluation-harness,0
Schroedinger-Hat,ImageGoNord-Web,0
ymcui,Chinese-Mixtral,0
ILikeAI,AlwaysReddy,0
sairajk,easi-tex,0
HPMLL,BurstGPT,0
cvlab-kaist,DiffMatch,0
cognitivecomputations,spectrum,0
PeiJieSun,NESCL,0
OliBomby,Mapperatorinator,0
,KarelDO,0
LilianHollard,LeYOLO,0
yihong1120,Construction-Hazard-Detection,0
sinanuozdemir,oreilly-hands-on-gpt-llm,0
,openvinotoolkitopenvinobuilddeploy,0
,tembo-iopgvectorize,0
swirlai,swirl-search,0
TMElyralab,MusePose,0
,IEIT-Yuan,0
zqh0253,3DitScene,0
FoundationVision,LlamaGen,0
jaswon,osu-dreamer,0
aws-ia,ecs-blueprints,0
tianweiy,DMD2,0
PKU-YuanGroup,MoE-LLaVA,0
Clin0212,HydraLoRA,0
PeterH0323,Streamer-Sales,0
FasterDecoding,SnapKV,0
Cccccczh404,H-SAM,0
fudan-zvg,PVG,0
WongKinYiu,yolov9,0
OceannTwT,ra-isf,0
Atik-Ahamed,TimeMachine,0
USC-GVL,Agent-Driver,0
withmartian,routerbench,0
kongzhecn,OMG,0
quic,ai-hub-models,0
iscyy,yoloair,0
pointrix-project,msplat,0
vEduardovich,dodari,0
jxbbb,ADAPT,0
davidkim205,nox,0
GAP-LAB-CUHK-SZ,gaustudio,0
ATOMScience-org,AMPL,0
HXMap,MapQR,0
mhamilton723,FeatUp,0
hunto,LocalMamba,0
SkyworkAI,Vitron,0
,yay-robotyayrobot,0
carlosferrazza,humanoid-bench,0
wenhui0206,NeuroGPT,0
raghavc,LLM-RLHF-Tuning-with-PPO-and-DPO,0
ashawkey,InTeX,0
prs-eth,thera,0
,NextAudioGenultimatevocalremoverapi,0
zjunlp,IEPile,0
zqhang,AnomalyCLIP,0
icandle,CAMixerSR,0
HyperGAI,HPT,0
Jingliang-Duan,DSAC-v1,0
,Lab-of-AI-and-RoboticsGSICPSLAM,0
alessiodm,drl-zh,0
ghimiresunil,LLM-PowerHouse-A-Curated-Guide-for-Large-Language-Models-with-Custom-Training-and-Inferencing,0
xfactlab,orpo,0
embodied-generalist,embodied-generalist,0
,2DIPWdubgenius,0
j96w,DexCap,0
AIoT-MLSys-Lab,SVD-LLM,0
facebookresearch,brainmagick,0
facebookresearch,BLINK,0
Y-debug-sys,Diffusion-TS,0
luodhhh,ModernTCN,0
Koldim2001,YOLO-Patch-Based-Inference,0
,droid-datasetdroidpolicylearning,0
,yandexdataschoolPracticalRL,0
gpu-mode,ring-attention,0
foivospar,Arc2Face,0
,shell-nlpgptserver,0
zh460045050,V2L-Tokenizer,0
NISPLab,AT-BSL,0
neurallambda,neurallambda,0
THUNLP-MT,StableToolBench,0
dyabel,AnyTool,0
vita-epfl,UniTraj,0
philz1337x,clarity-upscaler,0
FinancialComputingUCL,LOBFrame,0
NovaSearch-Team,RAG-Retrieval,0
datawhalechina,llm-cookbook,0
nzolman,sindy-rl,0
logtd,ComfyUI-InstanceDiffusion,0
CUHK-AIM-Group,Endora,0
facebookresearch,deit,0
ironjr,semantic-draw,0
yoheinakajima,mindgraph,0
streamlit,example-app-langchain-rag,0
Haiyang-W,GiT,0
CVCUDA,CV-CUDA,0
OpenGVLab,video-mamba-suite,0
HuskyInSalt,CRAG,0
TerryPei,EfficientVMamba,0
1Panel-dev,MaxKB,0
zifuwan,Sigma,0
truthofmatthew,persian-license-plate-recognition,0
LeonHLJ,FouriScale,0
ZJUICSR,AIcert,0
center-for-humans-and-machines,transformer-heads,0
Vincent-liuwingsang,unlost,0
SqueezeAILab,LLM2LLM,0
OpenMOSS,AnyGPT,0
kuwaai,genai-os,0
emcf,thepipe,0
Alpha-Innovator,ChartVLM,0
yyyujintang,VMRNN-PyTorch,0
vndee,local-talking-llm,0
chenyangMl,keyword-spot,0
NUS-HPC-AI-Lab,SpeeD,0
hemingkx,Spec-Bench,0
yardenfren1996,B-LoRA,0
IceBearAI,LLM-And-More,0
wandahangFY,YOLO-MIF,0
google-deepmind,recurrentgemma,0
phbst,tinyRAG,0
zgspose,DSTA,0
OpenCodeInterpreter,OpenCodeInterpreter,0
Zejun-Yang,AniPortrait,0
harperreed,photo-similarity-search,0
fuxiao0719,GeoWizard,0
koa-fin,sep,0
chs20,RobustVLM,0
thinkany-ai,rag-search,0
jishengpeng,Languagecodec,0
imagegridworth,IG-VLM,0
umuthopeyildirim,DOOM-Mistral,0
google-deepmind,long-form-factuality,0
42Shawn,LLaVA-PruMerge,0
lpiccinelli-eth,UniDepth,0
decisionintelligence,TFB,0
weijiawu,ParaDiffusion,0
datvodinh,rag-chatbot,0
h-zhao1997,cobra,0
CompVis,depth-fm,0
allenai,spoc-robot-training,0
,danfenghongIEEETPAMISpectralGPT,0
daxcay,ComfyUI-JDCN,0
AI-Maker-Space,LLM-Ops-Cohort-1,0
SakanaAI,evolutionary-model-merge,0
OwlAIProject,Owl,0
,ForzaETHracestack,0
mahmoodlab,UNI,0
alexjungaalto,FederatedLearning,0
mahmoodlab,CONCH,0
meta-prompting,meta-prompting,0
Sally-SH,VSP-LLM,0
FreedomIntelligence,ALLaVA,0
HBioquant,DiffBindFR,0
yashkant,spad,0
facebookresearch,StyleNeRF,0
opendilab,SmartRefine,0
maybeLx,MVSFormerPlusPlus,0
fudan-generative-vision,champ,0
joshyZhou,AST,0
AIDotNet,AntSK,0
shirayu,whispering,0
bcmi,Awesome-Generative-Image-Composition,0
yhyang-myron,DreamComposer,0
Omid-Nejati,MedViT,0
zhiweihu1103,AgriMa,0
alibabasglab,MossFormer2,0
tincans-ai,gazelle,0
neo4j-labs,llm-graph-builder,0
,yuunnn-wRWKVPytorch,0
microsoft,SpeechT5,0
BiaPyX,BiaPy,0
cnulab,RealNet,0
mrdbourke,simple-local-rag,0
ylsdamxssjxxdd,eva,0
TNTwise,REAL-Video-Enhancer,0
,jayLEE0301vqbetofficial,0
decisionintelligence,pathformer,0
XPandora,PhysGaussian,0
AmeenAli,HiddenMambaAttn,0
datawhalechina,joyrl-book,0
Infatoshi,fcc-intro-to-llms,0
bfs18,rfwave,0
NewT123-WM,tnlearn,0
,osi1880vrpromptquill,0
sail-sg,sailor-llm,0
PKU-YuanGroup,Open-Sora-Plan,0
StavC,ComPromptMized,0
searchsolved,search-solved-public-seo,0
lllyasviel,Fooocus,0
yuhaoliu7456,Diff-Plugin,0
poloclub,unitable,0
fusion-jena,automatic-KG-creation-with-LLM,0
fashn-AI,tryondiffusion,0
BiDiff,bidiff,0
bytedance,res-adapter,0
kwuking,TimeMixer,0
definitive-io,crewai-groq,0
,usyd-fsalabfp6llm,0
containers,ai-lab-recipes,0
arktrail,Dorothy-Ymir,0
Learnware-LAMDA,Beimingwu,0
YoucanBaby,VTG-GPT,0
sled-group,InfEdit,0
bcmi,ControlCom-Image-Composition,0
thunlp,InfLLM,0
thu-coai,ShieldLM,0
apple,ml-mobileclip,0
lose4578,SAM-DiffSR,0
naver,dust3r,0
centerforaisafety,HarmBench,0
openai,transformer-debugger,0
snap-research,Panda-70M,0
mini-sora,minisora,0
PKU-YuanGroup,ProLLaMA,0
metaswang,bao,0
thu-nics,qllm-eval,0
spacewalk01,yolov9-face-detection,0
parthsarthi03,raptor,0
mbzuai-oryx,GeoChat,0
gcorso,DiffDock,0
datawhalechina,llms-from-scratch-cn,0
facebookresearch,ViewDiff,0
intel,intel-npu-acceleration-library,0
dongyh20,Octopus,0
zengjianhao,CAT-DM,0
microsoft,simulated-trial-and-error,0
princeton-nlp,CEPE,0
sunshangquan,logit-standardization-KD,0
OpenDriveLab,DriveLM,0
CVMI-Lab,SC-GS,0
ForeignGods,ComfyUI-Mana-Nodes,0
Eladlev,AutoPrompt,0
Louis-udm,VGCN-BERT,0
thuml,Large-Time-Series-Model,0
,jiahe7ayMINILLM,0
11dogzi,Comfyui-ergouzi-DGNJD,0
qinghew,StableIdentity,0
OpenGVLab,all-seeing,0
ictnlp,TruthX,0
SaberaTalukder,TOTEM,0
lzw-lzw,GroundingGPT,0
PallasBot,Pallas-Bot,0
thuml,AutoTimes,0
YifeiZhou02,ArCHer,0
sophgo,LLM-TPU,0
WHU-USI3DV,Mobile-Seed,0
domschl,HuggingFaceGuidedTourForMac,0
cloneofsimo,min-max-gpt,0
pkhungurn,talking-head-anime-4-demo,0
deepseek-ai,DeepSeek-VL,0
SalesforceAIResearch,xLAM,0
wjh892521292,LKM-UNet,0
sail-sg,sdft,0
carriex,recomp,0
tylerprogramming,31-day-challenge-ai,0
IRMVLab,Point-Mamba,0
shawntan,scattermoe,0
Meituan-AutoML,VisionLLaMA,0
lizhe00,AnimatableGaussians,0
ComfyWorkflows,ComfyUI-Launcher,0
OpenDriveLab,ELM,0
,adithya-s-k,0
eliranwong,letmedoit,0
ibrahimethemhamamci,CT-CLIP,0
YangLing0818,RealCompo,0
,AammarTufailsix-monthspythonfordatascience-mentorship-program,0
NousResearch,Hermes-Function-Calling,0
OpenGVLab,VideoMamba,0
pkunlp-icler,FastV,0
metavoiceio,metavoice-src,0
open-compass,DevEval,0
showlab,DragAnything,0
guosyjlu,DS-Agent,0
heheyas,V3D,0
,dongyangli-delEEGImagedecode,0
TencentARC,BrushNet,0
AuroBit,ComfyUI-OOTDiffusion,0
UX-Decoder,DINOv,0
Meize0729,RSBuilding,0
HKUNLP,diffusion-of-thoughts,0
Altaflux,agent-mimir,0
opengear-project,GEAR,0
NVlabs,VILA,0
mark-lord,MLX-text-completion-notebook,0
jshuadvd,LongRoPE,0
GGGHSL,GraphDreamer,0
luogen1996,LLaVA-HR,0
ZhengPeng7,BiRefNet,0
structuredllm,syncode,0
tulerfeng,PlanKD,0
PRBonn,LiDiff,0
apple,ml-veclip,0
ModelTC,llmc,0
qizekun,ShapeLLM,0
Visionatrix,Visionatrix,0
NoviScl,Design2Code,0
leggedrobotics,terrain-generator,0
yifanlu0227,ChatSim,0
NVlabs,T-Stitch,0
SmartFlowAI,Hand-on-RAG,0
LabShuHangGU,Adaptive-Token-Dictionary,0
nii-yamagishilab,ZMM-TTS,0
nix-community,dream2nix,0
naver,multi-hmr,0
Ablustrund,LoRAMoE,0
mbzuai-oryx,MobiLlama,0
dendenxu,diff-gaussian-rasterization,0
zju3dv,4K4D,0
zju3dv,EasyVolcap,0
clinicalml,co-llm,0
decodingml,articles-code,0
,hao-ai-labConsistencyLLM,0
allenai,WildBench,0
mikonvergence,ControlNetInpaint,0
3DAgentWorld,Toolkit-for-Prompt-Compression,0
EvolvingLMMs-Lab,lmms-eval,0
MrBlankness,LightM-UNet,0
rsummers11,CADLab,0
CompVis,attribute-control,0
QhelDIV,ShapeFormer,0
,EthanH3514ALYolo,0
huggingface,parler-tts,0
tsunghan-wu,SLD,0
,frankchiengComfyUIMagicClothing,0
TRI-ML,vlm-evaluation,0
zjukg,MyGO,0
ybendou,easy,0
dagu-org,dagu,0
sheldonresearch,ProG,0
TRI-ML,prismatic-vlms,0
Xiaojiu-z,Stable-Makeup,0
,QwenLM,0
Liyan06,MiniCheck,0
alibaba,conv-llava,0
,liming-aiControlNetPlusPlus,0
harvard-lil,warc-gpt,0
HL-hanlin,Ctrl-Adapter,0
Fediory,HVI-CIDNet,0
Stability-AI,StableCascade,0
microsoft,ParrotServe,0
,dorjeduck,0
G-U-N,AnimateLCM,0
TencentQQGYLab,ComfyUI-ELLA,0
NVlabs,DoRA,0
BasedLabs,NoLabs,0
Xilinx,mlir-aie,0
Linear95,SPAG,0
ali-vilab,FlashFace,0
XiSHEN0220,RANSAC-Flow,0
KMnO4-zx,TinyRAG,0
princeton-computational-imaging,NSF,0
root-project,root,0
dwzhu-pku,LongEmbed,0
AI-Northstar-Tech,vector-io,0
jiangsongtao,Med-MoE,0
TMElyralab,MuseTalk,0
niuzaisheng,ScreenAgent,0
BlinkDL,RWKV-LM,0
GCYZSL,MoLA,0
Beomi,InfiniTransformer,0
sanyalsunny111,LLM-Inheritune,0
Luffy03,VoCo,0
efeslab,fiddler,0
,ttchengabzestcode,0
deepcs233,Visual-CoT,0
facebookresearch,goliath,0
valine,NeuralFlow,0
AILab-CVC,YOLO-World,0
jeffreysijuntan,lloco,0
LingyvKong,OneChart,0
feizc,Diffusion-RWKV,0
,jorge-armando-navarro-floreschatwithyourdocs,0
nullquant,ComfyUI-BrushNet,0
facebookresearch,jepa,0
xiaolul2,MGMap,0
aigc-apps,EasyAnimate,0
SiTH-Diffusion,SiTH,0
jasonacox,TinyLLM,0
reazon-research,ReazonSpeech,0
LargeWorldModel,LWM,0
jiaxilv,GPT4Motion,0
,fry404006308frycoursematerials,0
Vance0124,Token-level-Direct-Preference-Optimization,0
ptran1203,pytorch-animeGAN,0
lamm-mit,GraphReasoning,0
sony,ctm,0
Wuuu3511,GoMVS,0
AllAboutAI-YT,easy-local-rag,0
Chrixtar,latentsplat,0
ming053l,DRCT,0
dingo-actual,infini-transformer,0
naver-ai,rope-vit,0
zsy1987,SA-GS,0
Moemu,Muice-Chatbot,0
aws-samples,genai-quickstart-pocs,0
UnicomAI,Unichat-llama3-Chinese,0
Vision-CAIR,MiniGPT4-video,0
neuralmagic,AutoFP8,0
LeCAR-Lab,ABS,0
Zhaozixiang1228,MMIF-EMMA,0
snap-research,MyVLM,0
cvlab-kaist,GaussianTalker,0
BAAI-DCAI,Bunny,0
HKUNLP,ChunkLlama,0
OpenGVLab,PonderV2,0
Snowflake-Labs,sf-samples,0
adobe-research,VideoDoodles,0
Azure-Samples,AI-Gateway,0
TorchOPC,TorchLitho,0
aplesner,Breaking-reCAPTCHAv2,0
Yu-Fangxu,COLD-Attack,0
kealiu,ComfyUI-ZeroShot-MTrans,0
snu-comparch,InfiniGen,0
OpenGVLab,MMT-Bench,0
ylacombe,musicgen-dreamboothing,0
RuoyuFeng,CCEdit,0
,jianchang512zhrecogn,0
dauparas,LigandMPNN,0
sutro-planet,easyvideotrans,0
AILab-CVC,SEED-X,0
THUDM,CogCoM,0
cvlab-columbia,pix2gestalt,0
,EduKgsentitylinking,0
facebookresearch,searchformer,0
tyhuang0428,DreamPhysics,0
3DTopia,ThemeStation,0
magic-research,PLLaVA,0
OpenRobotLab,HIMLoco,0
GuoCoder,ai-app,0
feizc,DiS,0
ghdtjr,A-LLMRec,0
Infini-AI-Lab,TriForce,0
dcharatan,flowmap,0
georghess,neurad-studio,0
mit-biomimetics,fld,0
,taishan1994,0
a1600012888,PhysDreamer,0
FoundationVision,Groma,0
LLMSecurity,HouYi,0
ICTMCG,Make-Your-Anchor,0
garibida,ReNoise-Inversion,0
s-du,ScribbleArchitect,0
DaiShiResearch,TransNeXt,0
seanzhang-zhichen,llama3-chinese,0
cpldcpu,BitNetMCU,0
decodingml,llm-twin-course,0
starsuzi,Adaptive-RAG,0
TMElyralab,MuseV,0
huggingface,jat,0
OlimpiadaAI,I-OlimpiadaAI,0
Azure,azure-search-vector-samples,0
JackAILab,ConsistentID,0
centerforaisafety,wmdp,0
Concept-Bytes,Jarvis,0
zhanshijinwat,Steel-LLM,0
,analokmauskumautils,0
leggedrobotics,viplanner,0
oneThousand1000,Portrait3D,0
sato-team,Stable-Text-to-Motion-Framework,0
bytedance,MoMA,0
MILVLG,imp,0
YUCHEN005,GenTranslate,0
snap-stanford,stark,0
Hillobar,Rope,0
JeremyCJM,DiffSHEG,0
rui-ye,OpenFedLLM,0
,nickgkan3ddiffuseractor,0
cvlab-kaist,DreamMatcher,0
,teddylee777langserveollama,0
rohan-paul,LLM-FineTuning-Large-Language-Models,0
wzhwzhwzh0921,S-D-Mamba,0
ayushjain1144,odin,0
NUS-HPC-AI-Lab,VideoSys,0
dusty-nv,NanoLLM,0
DC-research,TEMPO,0
AlphaFin-proj,AlphaFin,0
,ppisljarpdftranslator,0
kousw,experimental-consistory,0
WEIRDLabUW,urdformer,0
Langboat,Mengzi3,0
YOLOSHOW,YOLOSHOW,0
KdaiP,StableTTS,0
zhuqinfeng1999,Samba,0
kanishkg,stream-of-search,0
matatonic,openedai-vision,0
,apapiutransformerlatentdiffusion,0
,stylellmstylellmmodels,0
zhizdev,mvdfusion,0
Aquila-Network,aquila,0
ammirsm,llamaindex-omakase-rag,0
stanford-cs336,spring2024-lectures,0
CompVis,zigma,0
myshell-ai,JetMoE,0
FasterDecoding,BitDelta,0
CraftJarvis,JARVIS-1,0
athms,mad-lab,0
huanngzh,EpiDiff,0
chaojie,ComfyUI-MuseV,0
MMStar-Benchmark,MMStar,0
absoluteappsec,handouts,0
Xilinx,finn,0
KMnO4-zx,TinyAgent,0
FusionBrainLab,HairFastGAN,0
NVlabs,LITA,0
,EmbodiedGPTEmbodiedGPTPytorch,0
ben0oil1,GPT-SoVITS-Server,0
Azure99,BlossomLM,0
wyf0912,SinSR,0
tencent-ailab,PCDMs,0
ykdai,BasicPBC,0
chensjtu,GaussianObject,0
databricks,dbrx,0
mozilla,translations,0
,erew123alltalktts,0
Teddy-XiongGZ,MedRAG,0
exx8,differential-diffusion,0
design-edit,DesignEdit,0
zhu-xlab,DOFA,0
superlinked,VectorHub,0
OpenGVLab,InternVideo,0
KyanChen,RSMamba,0
hzxie,CityDreamer,0
NVlabs,FoundationPose,0
CyberAgentAILab,SuperNormal,0
Imageomics,bioclip,0
rasbt,dora-from-scratch,0
winycg,CLIP-KD,0
cvlab-kaist,Talk3D,0
TemporaryLoRA,Temp-LoRA,0
latorc,MahjongCopilot,0
KhoomeiK,interrupting-cow,0
njucckevin,SeeClick,0
nikhil-ghosh-berkeley,loraplus,0
saprmarks,feature-circuits,0
datawhalechina,awesome-compression,0
getao,icae,0
CBIhalsen,PolyglotPDF,0
,insightbuilderpythondelearnersdata,0
rnadigital,agentcloud,0
aixcoder-plugin,aiXcoder-7B,0
zjunlp,MachineSoM,0
meta-llama,llama3,0
JigsawStack,insanely-fast-whisper-api,0
felipemaiapolo,tinyBenchmarks,0
iceychris,LibreASR,0
princeton-nlp,QuRating,0
NJU-PCALab,AddSR,0
ROCm,AMDMIGraphX,0
techwithtim,AI-Agent-Code-Generator,0
dendenxu,fast-gaussian-rasterization,0
EfficientMoE,MoE-Infinity,0
GraphPKU,PiSSA,0
julep-ai,julep,0
EleutherAI,cookbook,0
apple,ml-4m,0
,karpathy,0
SqueezeBits,QUICK,0
wutong16,HyperDreamer,0
HilaManor,AudioEditingCode,0
exo-explore,mlx-bitnet,0
illuin-tech,colpali,0
LaMP-Benchmark,LaMP,0
Hsword,SpotServe,0
astral-sh,uv,0
boheumd,MA-LMM,0
OpenBMB,MiniCPM,0
,joeyangaussiansplatting,0
IDKiro,sdxs,0
arcee-ai,PruneMe,0
Adamdad,hash3D,0
shivamguys,irctc-cypress-automation,0
FoundationVision,VAR,0
catid,dora,0
aishwaryaprabhat,goku,0
,PABannier,0
PKU-YuanGroup,MagicTime,0
bsmhmmlf,Gaussian-Shading,0
jonfairbanks,local-rag,0
facebookresearch,CollaQ,0
ray-project,ray-educational-materials,0
AssafSinger94,dino-tracker,0
cvlab-kaist,CoPoNeRF,0
GaParmar,img2img-turbo,0
EpistasisLab,KRAGEN,0
cgtuebingen,SIGNeRF,0
ankile,robust-rearrangement,0
,TomiinekMultilingualTexttoSpeech,0
naoto0804,pytorch-inpainting-with-partial-conv,0
georgeretsi,smirk,0
V-DETR,V-DETR,0
bytedance,DEADiff,0
TIGER-AI-Lab,LongICLBench,0
CyberAgentAILab,RALF,0
chaojie,ComfyUI-MuseTalk,0
DD-DuDa,BitDistiller,0
,yandexdataschoolsdccourse,0
samet-akcay,skip-ganomaly,0
Ledzy,BAdam,0
instantX-research,InstantStyle,0
buaavrcg,LEGaussians,0
YBYBZhang,VideoElevator,0
Beckschen,ViTamin,0
aim-uofa,GenPercept,0
witcherofresearch,Forgedit,0
THUDM,AutoWebGLM,0
spcl,QuaRot,0
ChenHongruixuan,MambaCD,0
,huangzh13,0
maturk,dn-splatter,0
TencentARC,CustomNet,0
facebookresearch,NeuralDB,0
AstraBert,everything-ai,0
naoto0804,pytorch-AdaIN,0
causify-ai,kaizenflow,0
ModalMinds,MM-EUREKA,0
ShayanTalaei,CHESS,0
,Hhhhhhaocontinuoustokenizer,0
Avdpro,ai2apps,0
morphik-org,morphik-core,0
DepthAnything,PromptDA,0
zhanggang001,CEDNet,0
baaivision,NOVA,0
QwenLM,ProcessBench,0
deepseek-ai,DeepSeek-VL2,0
jerber,lang-jepa,0
Physical-Intelligence,openpi,0
TencentARC,BrushEdit,0
gastruc,AnySat,0
IamCreateAI,Ruyi-Models,0
hustvl,DiffusionDrive,0
saharmor,gemini-multimodal-playground,0
,if-aiComfyUI-IFTrellis,0
OpenMOSS,Language-Model-SAEs,0
lqiang67,rectified-flow,0
prs-eth,Marigold-DC,0
Robot-VLAs,RoboVLMs,0
GigaAI-research,DriveDreamer4D,0
hustvl,GaussTR,0
tdrussell,diffusion-pipe,0
NSFW-API,TripleX,0
mowshon,lipsync,0
mesolitica,malaysian-dataset,0
OWASP-BLT,BLT,0
KovenYu,WonderWorld,0
taco-group,OpenEMMA,0
NexaAI,nexa-sdk,0
intel,AI-Playground,0
ziyanx02,Genesis-backflip,0
VITA-MLLM,VITA,0
bytedance,LatentSync,0
nyrahealth,CrisperWhisper,0
Stephen-SMJ,LAMBDA,0
circleLZY,MTKD-CD,0
thunlp,LLaVA-UHD,0
thuml,OpenLTM,0
wen-yuan-zhang,GS-Pull,0
,smthemexComfyUITRELLIS,0
allenzren,open-pi-zero,0
dvlab-research,Lyra,0
lehduong,OneDiffusion,0
callmesora,llmops-python-package,0
dweam-team,world-arcade,0
franciszzj,Leffa,0
alimama-tech,AuctionNet,0
zhaoyangpp,LottoProphet,0
apple,ml-tarflow,0
facebookresearch,uco3d,0
InternLM,Tutorial,0
Photon-AI-Research,NeuralSolvers,0
humansplat,humansplat,0
TencentARC,NVComposer,0
cyberark,FuzzyAI,0
Zy-Fang1102,E-Stega,0
ByteFlow-AI,TokenFlow,0
hustvl,Senna,0
,magic-quillComfyUIMagicQuill,0
hkchengrex,MMAudio,0
metadriverse,SimGen,0
,whottoVideonotegenerator,0
facebookresearch,metamotivo,0
ali-vilab,FreeScale,0
yang-zj1026,VLN-CE-Isaac,0
yang-zj1026,legged-loco,0
lucidrains,coconut-pytorch,0
lihxxx,DisPose,0
sb-ai-lab,LightAutoML,0
slyfox1186,script-repo,0
HustInfSecLabs,PentestAssistant,0
baaivision,See3D,0
shallowdream204,DreamClear,0
nv-tlabs,SCube,0
ixarchakos,try-off-anyone,0
csslc,CCSR,0
NX-AI,xlstm,0
mozilla-ai,lumigator,0
RedAIGC,Flux-version-LayerDiffuse,0
AbrahamYabo,LiftImage3D,0
lixionga,ProFace,0
ictnlp,FlexRAG,0
aim-uofa,Framer,0
,zhenye234,0
Srameo,LE3D,0
magic-research,Sa2VA,0
HJYao00,Mulberry,0
SamuelSchmidgall,AgentLaboratory,0
lumina-ai-inc,chunkr,0
CNTRLAI,Notate,0
ictnlp,LLaVA-Mini,0
Stability-AI,stable-point-aware-3d,0
xlite-dev,ffpa-attn-mma,0
habla-liaa,ser-with-w2v2,0
bagel-org,ZKLoRA,0
secretflow,spu,0
microsoft,RAS,0
facebookresearch,mvdust3r,0
sunnynexus,Search-o1,0
FreedomIntelligence,RAG-Instruct,0
sihengz02,UH-1,0
taishan1994,BERT-BILSTM-CRF,0
NJU-PCALab,RAG-Diffusion,0
FreedomIntelligence,HuatuoGPT-Vision,0
facebookresearch,coconut,0
dreadnode,dyana,0
PierrunoYT,Kokoro-TTS-Local,0
MarioSieg,magnetron,0
zacharyhorvitz,Fk-Diffusion-Steering,0
gorgarp,Recommender,0
morettt,my-neuro,0
jixiaozhong,Sonic,0
limuloo,3DIS,0
TATP-233,DISCOVERSE,0
SakanaAI,self-adaptive-llms,0
LiveCodeBench,LiveCodeBench,0
FareedKhan-dev,train-llm-from-scratch,0
Stability-AI,stable-codec,0
,SonyResearchmicrodiffusion,0
bugbakery,transcribee,0
ai4ce,MSG,0
RochelleNi,GenesisEnvs,0
PRIME-RL,PRIME,0
sergei680,Blueprint-PyTorch,0
fudan-generative-vision,hallo3,0
icip-cas,StructRAG,0
c3rb3ru5d3d53c,binlex,0
ystemsrx,mini-nanoGPT,0
bagh2178,SG-Nav,0
mumawQAQ,hsr-scanner,0
PRIME-RL,ImplicitPRM,0
LangChain-OpenTutorial,LangChain-OpenTutorial,0
Ikaros-521,AI-Vtuber,0
tdrussell,qlora-pipe,0
kai422,DAS3R,0
YvanYin,DrivingWorld,0
tencent-ailab,Leopard,0
yzslab,gaussian-splatting-lightning,0
jwhj,OREO,0
SpatialVision,Orient-Anything,0
FoundationVision,Infinity,0
THUDM,CogAgent,0
TencentARC,StereoCrafter,0
FreedomIntelligence,HuatuoGPT-o1,0
Pscgylotti,RAIN,0
NVIDIA-AI-Blueprints,pdf-to-podcast,0
,muxueChenComfyUINTCosyVoice,0
leilin-research,VTP,0
PantoMatrix,PantoMatrix,0
itsPreto,tangent,0
hhhuang,CAG,0
,libn-netmarketingcreatorpromaxbackend,0
EvolvingLMMs-Lab,multimodal-sae,0
THUDM,VisionReward,0
,Ikaros-521RealtimeSTTLLMTTS,0
csslc,PiSA-SR,0
declare-lab,TangoFlux,0
arthurhero,Long-LRM,0
little51,llm-dev,0
,Ai00-Xai00server,0
zju3dv,SAM-Graph,0
Battlingboy,Traffic-Analysis-Base-DPDK,0
ant-research,MagicQuill,0
,facebookresearchflowmatching,0
ali-vilab,MangaNinjia,0
nyunAI,nyuntam,0
OpenDriveLab,BeTop,0
LatentActionPretraining,LAPA,0
openmm,openmm-torch,0
Falling-dow,Unsupervised-Image-Enhancement-with-CNN-and-GAN,0
wenqsun,DimensionX,0
ROCm,aiter,0
MatthewCYM,VoiceBench,0
MuhammadAhsaanAbbasi,generative-ai,0
microsoft,LLM2CLIP,0
denser-org,denser-chat,0
byjlw,video-analyzer,0
Hanbo-Cheng,DAWN-pytorch,0
AaronZ345,TCSinger,0
OpenCoder-llm,OpenCoder-llm,0
Vchitect,FasterCache,0
viiika,Meissonic,0
OpenBMB,WorkflowLLM,0
ABexit,ASR-LLM-TTS,0
zjunlp,OneGen,0
ml-jku,GINNs-Geometry-informed-Neural-Networks,0
kerrj,rsrd,0
AlonzoLeeeooo,StableV2V,0
bytedance,TextHarmony,0
EdoardoBotta,RQ-VAE-Recommender,0
jwohlwend,boltz,0
pollinations,pollinations,0
tmoroney,auto-subs,0
BragAI,bRAG-langchain,0
NVlabs,COAT,0
awslabs,graphrag-toolkit,0
windhide,SkyMusicPlay-for-Windows,0
yu-shaonian,AnimateAnything,0
NVIDIA,cuEquivariance,0
booydar,babilong,0
Ljyustc,SocraticLM,0
,sentient-agi,0
Tsadoq,ErisForge,0
ywyue,FiT3D,0
GuidoBartoli,sherloq,0
Tencent,Hunyuan3D-1,0
,unitreeroboticsavpteleoperate,0
naver-ai,ZIM,0
mingyuan-zhang,LMM,0
Standard-Intelligence,hertz-dev,0
Peterande,D-FINE,0
warmshao,ChatTTSPlus,0
,UKGovernmentBEISinspectevals,0
bytedance,SandboxFusion,0
lucidrains,pi-zero-pytorch,0
AdaCache-DiT,AdaCache,0
opendatalab,MinerU,0
sgoldenlab,simba,0
open-mmlab,Amphion,0
whlzy,FiT,0
apoorvkh,academic-pretraining,0
facebookresearch,partnr-planner,0
kaito-project,kaito,0
mindspore-lab,mindone,0
HKUST-Aerial-Robotics,MIND,0
zxc-tju,InterHub,0
,RoboCodeX-sourceRoboCodeXcode,0
microsoft,KBLaM,0
x-cls,superclass,0
redis-developer,ArXivChatGuru,0
jhj0517,AdvancedLivePortrait-WebUI,0
thu-coai,AISafetyLab,0
cnzzx,VSA,0
,smthemexComfyUIInstantIRWrapper,0
,privacytrustlabmlprivacymeter,0
drmingler,docling-api,0
plageon,HtmlRAG,0
phyworld,phyworld,0
ali-vilab,ACE,0
wangjiangshan0725,RF-Solver-Edit,0
johngai19,TextDistiller,0
1038lab,ComfyUI-OmniGen,0
Shubhamsaboo,awesome-llm-apps,0
,Haian-JinNeuralGaffer,0
ServiceNow,BrowserGym,0
,QwenLM,0
databricks,genai-cookbook,0
xhd0612,GaussianRoom,0
ScalingIntelligence,KernelBench,0
,PolymathicAIthewell,0
YanWenKun,ComfyUI-Windows-Portable,0
Azure-Samples,cognitive-services-speech-sdk,0
yformer,EfficientTAM,0
FrederikHasecke,diffused-texture-addon,0
jplhughes,bon-jailbreaking,0
THUDM,WebRL,0
microsoft,CogACT,0
huggingface,smol-course,0
compl-ai,compl-ai,0
Cyb3rWard0g,floki,0
ryfeus,stepfunctions2processing,0
JiahuiLei,MoSca,0
jovanavidenovic,DAM4SAM,0
timerring,bilive,0
dongyh20,Insight-V,0
THUDM,GLM-Edge,0
LeCAR-Lab,human2humanoid,0
scofield7419,Video-of-Thought,0
microsoft,Reducio-VAE,0
,MarianoMolinaprojectalice,0
FutureClubNL,RAGMeUp,0
ADaM-BJTU,O1-CODER,0
NVlabs,hymba,0
kyleliang919,C-Optim,0
YanWenKun,Comfy3D-WinPortable,0
richard-peng-xia,MMed-RAG,0
aws-samples,amazon-nova-samples,0
ali-vilab,TeaCache,0
zhihu,ZhiLight,0
adobe-research,dynasaur,0
lewandofskee,MobileMamba,0
huanngzh,ComfyUI-MVAdapter,0
microsoft,mattergen,0
,chflame163ComfyUILayerStyleAdvance,0
andrewyng,aisuite,0
Vaultree,VENumML,0
PJLab-ADG,LeapAD,0
FunAudioLLM,InspireMusic,0
pytorch-labs,tritonbench,0
IST-DASLab,PanzaMail,0
zou-group,virtual-lab,0
kturung,colpali-llama-vision-rag,0
MiracleDance,CAR,0
apple,ml-aim,0
mlfoundations,evalchemy,0
1038lab,ComfyUI-RMBG,0
Lightricks,LTX-Video,0
rentruewang,learning-machine,0
,antgroupechomimicv2,0
NVlabs,Sana,0
showlab,VideoLISA,0
Pointcept,SAMPart3D,0
yangchris11,samurai,0
microsoft,mattersim,0
iota-uz,iota-sdk,0
LeapLabTHU,MLLA,0
jdh-algo,JoyVASA,0
black-yt,WeatherGFT,0
souzatharsis,tamingLLMs,0
knightyxp,VideoGrain,0
mangye16,ReID-Survey,0
VITA-MLLM,Freeze-Omni,0
NVIDIA,Star-Attention,0
VEWOXIC,FITS,0
NIRVANALAN,GaussianAnything,0
lgy112112,Efficient-KAN-in-Chinese,0
Optima-CityU,llm4ad,0
PKU-YuanGroup,ConsisID,0
modelscope,ClearerVoice-Studio,0
continuedev,continue,0
nftblackmagic,catvton-flux,0
daos-stack,daos,0
personalized-restoration,personalized-restoration,0
erwold,qwen2vl-flux,0
whitzard-ai,jade-db,0
mycfhs,DreamMix,0
liwenxi,SWIFT-AI,0
ASUS-AICS,LibMultiLabel-Old-Archive,0
,SunYangtianSplatterAVideo,0
openxla,xla,0
BINE022,EEGPT,0
inclusionAI,AReaL,0
bartn8,stereoanywhere,0
,yandexdataschoolspeechcourse,0
CHILDEDUAI,aichildedu,0
jaidevshriram,realmdreamer,0
yuruotong1,autoMate,0
,yaoppengU-Netv2,0
3DTopia,Phidias-Diffusion,0
NingpingMou,FastDrop,0
attashe,ComfyUI-FluxRegionAttention,0
ZihanWang314,CoE,0
willccbb,verifiers,0
facebookresearch,FlowDec,0
YuvrajSingh-mist,Paper-Replications,0
sofi444,realtime-transcription-fastrtc,0
RUCAIBox,R1-Searcher,0
BraveGroup,LAW,0
lmgame-org,GamingAgent,0
KodCode-AI,kodcode,0
2977094657,BilibiliHistoryFetcher,0
step-law,steplaw,0
facebookresearch,all-atom-diffusion-transformer,0
yyyujintang,PredFormer,0
OpenManus,OpenManus-RL,0
RPG-fan,Cline-Recursive-Chain-of-Thought-System-CRCT-,0
,if-aiComfyUI-IFLLM,0
pokemonchw,dieloli,0
NUS-HPC-AI-Lab,Enhance-A-Video,0
dCaples,AutoDidact,0
,zju3dvstreetcrafter,0
,yeyu2Youtubedemos,0
CodeUpdaterBot,ClickUi,0
henryalps,OpenManus,0
,thousandbrainsproject,0
xinnan-tech,xiaozhi-esp32-server,0
2toinf,UniAct,0
,qi-huaasynccosyvoice,0
lxulxu,WatermarkRemover,0
XiaomingX,data-cve-poc,0
modular,max,0
Steven-Luo,MasteringRAG,0
Alibaba-NLP,ViDoRAG,0
,lsdefinesimpleGRPO,0
menloresearch,visual-thinker,0
Xilluill,KV-Edit,0
microsoft,Magma,0
SparkAudio,Spark-TTS,0
PhoenixZ810,OmniAlign-V,0
Zheng-Chong,CatV2TON,0
k2-fsa,icefall,0
,smthemexComfyUIYuE,0
,brainrotjs,0
sahibzada-allahyar,Obsidian-Memory-Transformer,0
lunamidori5,Midori-AI,0
thu-ml,RIFLEx,0
leigest519,HiddenDetect,0
Fosowl,agenticSeek,0
WujiangXu,AgenticMemory,0
lmarena,p2l,0
MashiroSaber03,Saber-Translator,0
aws-samples,amazon-bedrock-workshop,0
faizann24,rogue,0
neverbiasu,ComfyUI-SAM2,0
redis-developer,redis-product-search,0
Westlake-AGI-Lab,Distill-Any-Depth,0
Kebii,MikuDance,0
hzxie,GaussianCity,0
labring,FastGPT,0
RLHFlow,Self-rewarding-reasoning-LLM,0
RobinWu218,SimDINO,0
ekosman,AnomalyDetectionCVPR2018-Pytorch,0
locuslab,open-unlearning,0
Deep-Agent,R1-V,0
mendableai,firecrawl-app-examples,0
,Wan-Video,0
OpenGVLab,VideoChat-Flash,0
convergence-ai,proxy-lite,0
jqtangust,hawk,0
MoonshotAI,Moonlight,0
hustvl,LightningDiT,0
mbzuai-oryx,LLMVoX,0
zjunlp,OntoProtein,0
eliben,deep-learning-samples,0
joanrod,star-vector,0
isaiahbjork,orpheus-tts-local,0
mashb1t,Fooocus,0
Roblox,cube,0
replicate,cog-comfyui,0
shalfun,WanControl,0
levy-tech-spark,AViD,0
Xiaoqi-Zhao-DLUT,GateNet-RGB-Saliency,0
wuji3,Doraemon,0
hustvl,OmniMamba,0
prathimacode-hub,ML-ProjectKart,0
shwbaek,pado,0
AI-Hypercomputer,maxtext,0
microsoft,MoGe,0
,ZhengPeng7motionmagnificationlearning-based,0
Arlo0o,UniScene-Unified-Occupancy-centric-Driving-Scene-Generation,0
Xiaojiu-z,EasyControl,0
aigc3d,LHM,0
bytedance,InfiniteYou,0
lpiccinelli-eth,UniK3D,0
DrewThomasson,ebook2audiobook,0
BUTSpeechFIT,DiariZen,0
RDXiaoLu,MambaCoral-DiffDet,0
Agent-RL,ReSearch,0
jaychempan,LAE-DINO,0
hanruihua,NeuPAN,0
pat-jj,DeepRetrieval,0
,phalanx-hkkaggletemplate,0
FoundationVision,Liquid,0
zhang0jhon,diffusion-4k,0
hkust-nlp,simpleRL-reason,0
CerebriumAI,examples,0
liuff19,Video-T1,0
facebookresearch,vggt,0
PeidongLi,SSR,0
zju3dv,EnvGS,0
IamCreateAI,LayerAnimate,0
Gen-Verse,ReasonFlux,0
kyutai-labs,moshivis,0
VectorSpaceLab,Video-XL,0
KohakuBlueleaf,a1111-sd-webui-haku-img,0
YisuiTT,Mobius,0
trycua,cua,0
JayLZhou,GraphRAG,0
wassim249,YT-Navigator,0
nnnth,UFO,0
hpcaitech,Open-Sora,0
jasongzy,Make-It-Animatable,0
svg-project,Sparse-VideoGen,0
showlab,VLog,0
,ganeshnikhil,0
PKU-HMI-Lab,Hybrid-VLA,0
THU-MIG,yoloe,0
Osilly,Vision-R1,0
syssec-utd,pylingual,0
pipecat-ai,smart-turn,0
gojasper,LBM,0
ML-course,master,0
LiuZH-19,SongGen,0
FlagAI-Open,OpenSeek,0
LMD0311,PointMamba,0
hailo-ai,hailo-rpi5-examples,0
niconielsen32,YOLO-3D,0
isaiahbjork,csm-voice-cloning,0
KouriChat,KouriChat,0
wangzhegeek,EGES,0
NoUsernamePlea,test,0
jofizcd,Soul-of-Waifu,0
NVlabs,HOVER,0
xiaomi-research,r1-aqa,0
,phildoughertysesamecsmopenai,0
tianweiy,CausVid,0
JT-Ushio,MHA2MLA,0
adrianco,meGPT,0
SesameAILabs,csm,0
showlab,MovieAgent,0
CY-CHENYUE,ComfyUI-Gemini-API,0
gersteinlab,LocAgent,0
WHU-USI3DV,VistaDream,0
rongyaofang,GoT,0
OpenRobotLab,GRUtopia,0
SalesforceAIResearch,LaTRO,0
yuyuyzl,EasyVtuber,0
,PramaLLCBEN2ComfyUI,0
plexe-ai,smolmodels,0
klara-research,klarity,0
SmallDoges,small-doge,0
Goedel-LM,Goedel-Prover,0
tfernd,HyperTile,0
DevinZ1993,Chinese-Poetry-Generation,0
isaac-sim,IsaacLab,0
ggarra13,mrv2,0
SaiAkhil066,DeepSeek-RAG-Chatbot,0
Om-Alve,smolGPT,0
TIGER-AI-Lab,CritiqueFineTuning,0
amd,gaia,0
SpatialVLA,SpatialVLA,0
TARS-AI-Community,TARS-AI,0
,phildougherty,0
VideoVerses,VideoTuna,0
iscyy,ultralyticsPro,0
PramaLLC,BEN2,0
sgsdxzy,YuE-exllamav2,0
bowang-lab,MedRAX,0
facebookresearch,pippo,0
hhaentze,MRSegmentator,0
stacklok,codegate,0
eai-lab,On-device-Sora,0
infiniflow,ragflow,0
,smthemexComfyUIDiffuEraser,0
yafuly,TPO,0
brendanhogan,DeepSeekRL-Extended,0
huggingface,kernels,0
CompVis,discrete-interpolants,0
Diouo,MotionLab,0
SNOWTEAM2023,MedRAG,0
simplescaling,s1,0
UT-Austin-RPL,TRILL,0
amanvirparhar,chaplin,0
plusuncold,autiobooks,0
,groundlightr1vlm,0
chrischoy,WhisperChain,0
,mdy666mdytriton,0
,1692775560deepseekproject,0
multimodal-art-projection,YuE,0
ZhengYinan-AIR,Diffusion-Planner,0
nivibilla,local-llasa-tts,0
KwaiVGI,3DTrajMaster,0
VITA-Group,VideoLifter,0
BoyuanJiang,FitDiT,0
tradingstrategy-ai,getting-started,0
saheedniyi02,yarngpt,0
kohya-ss,musubi-tuner,0
lixiaowen-xw,DiffuEraser,0
neosr-project,neosr,0
oneal2000,PRAG,0
OpenBMB,UltraRAG,0
microsoft,PIKE-RAG,0
AmineDiro,ferrules,0
,ali-vilabACEplus,0
lucasjinreal,Kokoros,0
rongyaofang,PUMA,0
amanvirparhar,weebo,0
Linketic,CityGaussian,0
,zhenye234LLaSAtraining,0
DepthAnything,Video-Depth-Anything,0
FireRedTeam,FireRedASR,0
ALucek,QuicKB,0
,RUCAIBoxSlowThinkingwithLLMs,0
Acly,krita-ai-diffusion,0
YBYBZhang,FramePainter,0
metadriverse,metaurban,0
posit-dev,positron,0
technovangelist,videoprojects,0
,baichuan-inc,0
JusperLee,TIGER,0
microsoft,bioemu,0
open-thought,tiny-grpo,0
Eyeline-Research,Go-with-the-Flow,0
facebookresearch,audiobox-aesthetics,0
neavo,KeywordGacha,0
mryab,efficient-dl-systems,0
xaio6,LabelQuick,0
datawhalechina,unlock-deepseek,0
mit-acl,ROMAN,0
fla-org,native-sparse-attention,0
stepfun-ai,Step-Audio,0
SkyworkAI,SkyReels-A1,0
SkyworkAI,SkyReels-V1,0
deeppowers,deeppowers,0
sunsmarterjie,yolov12,0
tzco,Diffusion-wo-CFG,0
HumanMLLM,HumanOmni,0
DCDmllm,HealthGPT,0
sayakpaul,tt-scale-flux,0
NotPunchnox,rkllama,0
Kwai-YuanQi,MM-RLHF,0
NVlabs,ProtoMotions,0
Aria-Zhangjl,StoryWeaver,0
TideDra,lmm-r1,0
OSGeo,grass-addons,0
DorsaRoh,Machine-Learning,0
wandahangFY,YOLOv11-RGBT,0
GitHamza0206,simba,0
Open-LLM-VTuber,Open-LLM-VTuber,0
6DammK9,nai-anime-pure-negative-prompt,0
,openclimatefixgraphweather,0
facebookresearch,MLGym,0
Cicada000,VV,0
weaviate,recipes,0
hao-ai-lab,FastVideo,0
Emerge-Lab,gpudrive,0
HumanAIGC-Engineering,OpenAvatarChat,0
torchmd,torchmd-net,0
hkust-nlp,CodeIO,0
mega-sam,mega-sam,0
Azure-Samples,openai,0
google,uvq,0
ASLP-lab,OSUM,0
Stability-AI,stable-virtual-camera,0
therealoliver,Deepdive-llama3-from-scratch,0
MoonshotAI,MoBA,0
alimohammadiamirhossein,smite,0
OpenRobotLab,OpenHomie,0
qizekun,SoFar,0
facebookresearch,jepa-intuitive-physics,0
reiniscimurs,DRL-robot-navigation-IR-SIM,0
bcmi,Light-A-Video,0
FareedKhan-dev,train-deepseek-r1,0
,Albusgivewheelleggedgenesis,0
Zyphra,Zonos,0
ArthurBrussee,brush,0
sh-lee-prml,PeriodWave,0
3DTopia,LayerPano3D,0
DataScienceUIBK,Rankify,0
masterFoad,NanoSage,0
FoundationVision,FlashVideo,0
Anemll,Anemll,0
deepseek-ai,DeepSeek-V3,0
CUT3R,CUT3R,0
timelinize,timelinize,0
zhulinyv,Semi-Auto-NovelAI-to-Pixiv,0
,smthemexComfyUISonic,0
open-thought,reasoning-gym,0
helblazer811,ConceptAttention,0
Ola-Omni,Ola,0
DreamTechAI,Direct3D,0
allenai,ai2-scholarqa-lib,0
mahmoodlab,TRIDENT,0
visomaster,VisoMaster,0
RyanLiu112,compute-optimal-tts,0
zhipeixu,FakeShield,0
,svpino,0
oxpig,ImmuneBuilder,0
SUC-DriverOld,so-vits-svc-Deployment-Documents,0
Huage001,CLEAR,0
dhcode-cpp,X-R1,0
url-kaist,MambaGlue,0
mit-han-lab,Block-Sparse-Attention,0
stepfun-ai,Step-Video-T2V,0
,StanfordVLCS131release,0
RLHFlow,Online-DPO-R1,0
PrimeIntellect-ai,genesys,0
prakharsr,audiobook-creator,0
RVC-Boss,GPT-SoVITS,0
kwsong0113,diffusion-forcing-transformer,0
MoonKraken,youtube,0
Xiaojiu-z,Stable-Hair,0
,googleaistplusplusapi,0
sgl-project,sglang,0
IBM,pytorchpipe,0
Chen-Yang-Liu,Change-Agent,0
OpenGVLab,Diffree,0
,abizovnuralemgo2ros2sdk,0
antgroup,glake,0
ikawrakow,ik,0
the-database,MangaJaNaiConverterGui,0
rakuri255,UltraSinger,0
EmilianPostolache,stable-audio-controlnet,0
,CPJKUbeatthis,0
,KupynOrestheaddetector,0
beibuwandeluori,DRCT,0
scene-verse,SceneVerse,0
happinesslz,LION,0
Cardinal-Operations,ORLM,0
,NirDiamantRAGTechniques,0
pangxiaobin,image-matting,0
KOSASIH,pi-nexus-autonomous-banking-network,0
aiplanethub,genai-stack,0
aisingapore,sealion,0
sarulab-speech,UTMOSv2,0
baaivision,DenseFusion,0
Yi-Shi94,AMDM,0
omerferhatt,torch2tflite,0
Souloco,StarRail-FastRun,0
fal-ai,fal,0
,kleinleeDHlive,0
autodistill,autodistill-grounded-sam-2,0
xinsir6,ControlNetPlus,0
baaivision,DIVA,0
EurekaLabsAI,tensor,0
facebookresearch,sam2,0
Trentonom0r3,Ezsynth,0
Tsinghua-MARS-Lab,CVT-Occ,0
YuHengsss,VSSD,0
,engineai-roboticsengineaileggedgym,0
ninjaneural,webui,0
qhfan,RMT,0
cake-lab,HybridDepth,0
,heyoeyomuggledsam,0
SUC-DriverOld,MSST-WebUI,0
muslehal,xLSTMTime,0
biodatlab,thonburian-whisper,0
EleutherAI,delphi,0
apple,ml-superposition-prompting,0
eldar,flash3d,0
uw-nsl,SafeDecoding,0
pinder-org,pinder,0
DataTalksClub,llm-zoomcamp,0
snap-research,weights2weights,0
,karthik-codexAutogenGraphRAGOllama,0
,ntnu-arlaerialgymsimulator,0
AutoCodeRoverSG,auto-code-rover,0
microsoft,vattention,0
JiuTian-VL,JiuTian-LION,0
mayuelala,FollowYourEmoji,0
ualsg,global-streetscapes,0
welch-lab,MultiVelo,0
guoyww,AnimateDiff,0
caoyunkang,AdaCLIP,0
Zheng-Chong,CatVTON,0
Melanee-Melanee,Old-Persian-Cuneiform-OCR,0
LowLevelAI,GLARE,0
intel,ndg-fitting,0
agentsea,robbie-g2,0
kakaobrain,nerf-factory,0
catcathh,UltraPixel,0
OpenGVLab,EfficientQAT,0
xinyuwei-david,david-share,0
vye16,shape-of-motion,0
goombalab,hydra,0
aiola-lab,whisper-medusa,0
meta-llama,llama-models,0
zhenyuw16,GenArtist,0
songrise,Artist,0
menloresearch,ichigo,0
zjysteven,lmms-finetune,0
csyxwei,MasterWeaver,0
Lightning-AI,tutorials,0
writer,writing-in-the-margins,0
pytorch-labs,attention-gym,0
opslane,opslane,0
XLabs-AI,x-flux-comfyui,0
AI-Study-Han,Zero-Chatgpt,0
,BlackHCneuralnetchecklist,0
intel,BigDL,0
MooreThreads,MooER,0
KDE,kdenlive,0
google,slang-gaussian-rasterization,0
StarmoonAI,Starmoon,0
,Pints-AI,0
Zyphra,Zamba2,0
huggingface,speech-to-speech,0
DiffPoseTalk,DiffPoseTalk,0
0x5446,api4sensevoice,0
jialuechen,GenMarket,0
,aidenliComfyUINYJY,0
project-ryoma,ryoma,0
Makesh-Srinivasan,LangChain-GPT-Researcher,0
liangxuy,Inter-X,0
JeongminB,E-D3DGS,0
,ryanontheinsideComfyUIRyanOnTheInside,0
bytedance,X-Portrait,0
wenyuqing,panacea,0
,X-PLUGMMStoryAgent,0
Open3DVLab,NeuRodin,0
360CVGroup,FancyVideo,0
Project-MONAI,VISTA,0
autonomousvision,sledge,0
WZH0120,SAM2-UNet,0
wjmZZZ,LLM-zero2hero,0
remichu-ai,gallama,0
se-hwan,cusadi,0
SakanaAI,AI-Scientist,0
THUDM,LongWriter,0
BAAI-DCAI,SpatialBot,0
arcee-ai,EvolKit,0
MNeMoNiCuZ,joy-caption-batch,0
microsoft,WindowsAgentArena,0
synbol,Parameter-Efficient-Transfer-Learning-Benchmark,0
,yuanze-linLearnableRegions,0
,hello-robotstretchai,0
,airockchiprknnmodelzoo,0
,IuvenisSapiensComfyUIMiniCPM-V-26-int4,0
IDEA-Research,Grounded-SAM-2,0
black-forest-labs,flux,0
pointrix-project,pointrix,0
abus-aikorea,voice-pro,0
daixiangzi,VAR-CLIP,0
hojae-io,ModelBasedFootstepPlanning-IROS2024,0
luigifreda,slamplay,0
wisupai,e2m,0
stephengpope,no-code-architects-toolkit,0
Alpha-VLLM,Lumina-mGPT,0
,samuel-vitorino,0
fishaudio,fish-speech,0
tanshuai0219,EDTalk,0
mrwu-mac,ControlMLLM,0
FederatedAI,FATE-LLM,0
Gy920,segment-anything-2-real-time,0
huofushuo,SID,0
sumn2u,annotate-lab,0
RobotecAI,rai,0
clulab,processors,0
THUDM,CogVideo,0
wenet-e2e,west,0
microsoft,TypeAgent,0
basilevh,gcd,0
zibojia,COCOCO,0
R3DRUN3,sploitcraft,0
LLaVA-VL,LLaVA-NeXT,0
facebookresearch,vggsfm,0
Alpha-Innovator,StructEqTable-Deploy,0
lhl,voicechat2,0
wavlab-speech,versa,0
unity-research,IP-Adapter-Instruct,0
Yushi-Hu,VisualSketchpad,0
GAIR-NLP,OpenResearcher,0
mit-han-lab,lite-transformer,0
YuxiXie,MCTS-DPO,0
rllm-team,rllm,0
cvlab-kaist,locotrack,0
Fangkang515,CE3D,0
moon-hotel,TransformerTranslation,0
,tsinghua-fib-labAAAI2025MIA-Tuner,0
makslevental,openhls,0
YangLing0818,VideoTetris,0
Sreyan88,GAMA,0
CausalAIBook,MetricsMLNotebooks,0
PKU-YuanGroup,ChronoMagic-Bench,0
kohjingyu,search-agents,0
TempleX98,MoVA,0
hwanhuh,2D-GS-Viser-Viewer,0
SamurAIGPT,AI-Youtube-Shorts-Generator,0
gongminmin,AIHoloImager,0
SkyworkAI,Gamba,0
andimarafioti,florence2-finetuning,0
NVlabs,nvTorchCam,0
illuin-tech,vidore-benchmark,0
westlake-repl,SaprotHub,0
shengliu66,ICV,0
bytedance,1d-tokenizer,0
SpursGoZmy,Table-LLaVA,0
cswry,OSEDiff,0
gwenzhang,Voxel-Mamba,0
zhimaAi,chatwiki,0
pipixin321,HolmesVAD,0
Yzmblog,SurfD,0
,Jianxffdroidmetric,0
,6drf21eChatTTSSpeaker,0
mistralai,megablocks-public,0
MozerWang,Loong,0
KarryRen,SCU-CS-Class-Materials,0
FudanDNN-NLP,RAG,0
OpenTeleVision,TeleVision,0
HaozheZhao,UltraEdit,0
LostXine,LLaRA,0
buoyancy99,diffusion-forcing,0
readthedocs,ethical-ad-server,0
jimmycv07,DiffIR2VR-Zero,0
huggingface,local-gemma,0
aymeric-roucher,GAIA,0
alesaccoia,VoiceStreamAI,0
Laz4rz,GPT-2,0
MC-E,ReVideo,0
HAL-42,AlchemyCat,0
CASE-Lab-UMD,LLM-Drop,0
zou-group,avatar,0
,AMontgomeriequestiongenerator,0
conceptofmind,PaLM,0
lucidrains,multimodal-dit-pytorch,0
bhancockio,langchain-crash-course,0
Richasy,RichasyAssistant,0
opendilab,PsyDI,0
usail-hkust,JailTrickBench,0
thomasahle,tensorgrad,0
microsoft,T-MAC,0
kubeedge,ianvs,0
xlang-ai,Spider2-V,0
setarehc,diffusion-motion-inbetweening,0
mcmonkeyprojects,SwarmUI,0
Yxxxb,VoCo-LLaMA,0
cyanbx,Prompt-Singer,0
,michaelnnyalphazero,0
zh460045050,VQGAN-LC,0
qile2000,LAMDA-TALENT,0
baaivision,EVE,0
JerryMazeyu,MCM,0
Infatoshi,mnist-cuda,0
imbue-ai,cluster-health,0
jianchang512,ChatTTS-ui,0
BennyTMT,LLMsForTimeSeries,0
HKUSTMDI,mdi-sam-server,0
evolutionaryscale,esm,0
Yuanshi9815,Video-Infinity,0
patientx,ComfyUI-Zluda,0
thu-ml,cond-image-leakage,0
Linesight-RL,linesight,0
QwenLM,AutoIF,0
shilinyan99,AIDE,0
modelscope,DiffSynth-Studio,0
oracle-devrel,technology-engineering,0
EduardTalianu,erag,0
Audio-WestlakeU,RealMAN,0
modelscope,facechain,0
tianrun-chen,xLSTM-UNet-PyTorch,0
sail-sg,regmix,0
RulinShao,retrieval-scaling,0
AIGText,Glyph-ByT5,0
cilinyan,VISA,0
Open-Deep-ML,DML-OpenProblem,0
zyushun,Adam-mini,0
xufangzhi,ENVISIONS,0
Isabella98Liu,DG-Mesh,0
Alexw1111,RefAudioEmoTagger,0
RoyChao19477,SEMamba,0
cqylunlun,GLASS,0
jkulhanek,wild-gaussians,0
mush42,optispeech,0
JittorRepos,JDiffusion,0
lllyasviel,Paints-UNDO,0
e-p-armstrong,augmentoolkit,0
microsoft,ADBench,0
facebookresearch,ClassyVision,0
ttulttul,ComfyUI-Iterative-Mixer,0
snakers4,silero-vad,0
wei-potato,Train-llm-from-scratch,0
arvindrajan92,DTrOCR,0
arthur-qiu,FreeTraj,0
lovelyqian,CDFSOD-benchmark,0
aitomatic,semikong,0
win4r,GraphRAG4OpenWebUI,0
,MrkomiljonLivePortraitMonitor,0
tatsy,torchmcubes,0
ant-research,DreamLIP,0
voidism,Lookback-Lens,0
weihao1115,cat-sam,0
aihacker111,Efficient-Live-Portrait,0
Chongjie-Si,Subspace-Tuning,0
wzdavid,ThinkRAG,0
chengxuxin,expressive-humanoid,0
zrealli,TIGIC,0
PKU-Alignment,align-anything,0
,smthemexComfyUIEchoMimic,0
yfzhang114,SliME,0
ddean2009,MoneyPrinterPlus,0
CleanDiffuserTeam,CleanDiffuser,0
antgroup,echomimic,0
KangLiao929,MOWA,0
JianghaiSCU,LightenDiffusion,0
,ainewstoComfyuiComfly,0
Kwai-Kolors,Kolors,0
General-Analysis,GA,0
open-mmlab,StyleShot,0
rasbt,LLM-workshop-2024,0
hustvl,EVF-SAM,0
ZhaoJ9014,Anti-UAV,0
,wildavatarWildAvatarToolbox,0
wangyu-ustc,MemoryLLM,0
posterllava,PosterLLaVA,0
AI-secure,AgentPoison,0
opendilab,DI-hpc,0
shadowcz007,comfyui-liveportrait,0
dvlab-research,ControlNeXt,0
lxtGH,OMG-Seg,0
learningmatter-mit,NeuralForceField,0
KwaiVGI,LivePortrait,0
GoogleCloudPlatform,kubernetes-engine-samples,0
,bornfly-detachmentasymmetricmagvitv2,0
juraam,stable-diffusion-from-scratch,0
Outsider565,LoRA-GA,0
,intuitive-robotsmdtpolicy,0
yuntianhe2014,Easy-RAG,0
1x-technologies,1xgpt,0
,idoh,0
test-time-training,ttt-lm-jax,0
liuboxun,LLM4CP,0
thomasmol,cog-whisper-diarization,0
dreamscene4d,dreamscene4d,0
open-mmlab,AnyControl,0
Zheng-MJ,SMFANet,0
yzxing87,Seeing-and-Hearing,0
stephenleo,llm-structured-output-benchmarks,0
Atten4Vis,LW-DETR,0
AlphacatPlus,VmambaIR,0
,v3ucnCosyVoiceforMacOs,0
THUDM,CodeGeeX4,0
FunAudioLLM,SenseVoice,0
NVlabs,InstantSplat,0
qweasdd,manga-colorization-v2,0
gpt4video,GPT4Video,0
jy0205,Pyramid-Flow,0
,Stability-AI,0
Open-Source-O1,Open-O1,0
jbilcke-hf,FacePoke,0
openai,mle-bench,0
princeton-nlp,HELMET,0
,mradovic38footballanalysis,0
VictorZoo,LoD-Loc,0
AnjieCheng,SpatialRGPT,0
LLM360,Analysis360,0
PsyChip,machina,0
sihyun-yu,REPA,0
prophesee-ai,openeb,0
brentyi,egoallo,0
MAC-VO,MAC-VO,0
OATML-Markslab,ProteinGym,0
fudan-zvg,tet-splatting,0
akatz-ai,ComfyUI-Depthflow-Nodes,0
TIGER-AI-Lab,VLM2Vec,0
,NirDiamantPromptEngineering,0
IAAR-Shanghai,Meta-Chunking,0
OutofAi,OutofFocus,0
THUDM,CogView4,0
wenet-e2e,wesep,0
luca-medeiros,lang-segment-anything,0
THUDM,VisualAgentBench,0
thoddnn,ComfyUI-MLX,0
0xD4rky,Vision-Transformers,0
bbruceyuan,Hands-On-Large-Language-Models-CN,0
horus-ai-labs,DistillFlow,0
ente-io,ente,0
katanemo,archgw,0
TC-Zheng,ActuosusAI,0
princeton-nlp,ProLong,0
Fincept-Corporation,FinceptTerminal,0
GAIR-NLP,ProX,0
LiheYoung,UniMatch-V2,0
mrflogs,LoRA-Pro,0
cremebrule,digital-cousins,0
jingyaogong,minimind-v,0
NullMagic2,SoftWhisper,0
Shenyi-Z,ToCa,0
TermuxHackz,X-osint,0
BICLab,SpikeYOLO,0
,v3ucnCosyVoiceForWindows,0
aiola-lab,whisper-ner,0
CY-CHENYUE,ComfyUI-Molmo,0
,SanshruthRCCTVYOLO,0
eric-ai-lab,swap-anything,0
hduchat,KB-Builder,0
TaoHuUMD,StructLDM,0
xerrors,Yuxi-Know,0
microsoft,nnscaler,0
Czi24,Awesome-MLLM-LLM-Colab,0
baaivision,Emu3,0
,tgf123YOLOv8improve,0
RodinHD,RodinHD,0
lucidrains,MIMO-pytorch,0
liruiw,HPT,0
facebookresearch,efm3d,0
MIT-SPARK,Clio,0
,OpenRobotLabGrounded3D-LLM,0
ewrfcas,MVInpainter,0
atonderski,neuro-ncap,0
PromtEngineer,localGPT-Vision,0
yeates,PromptFix,0
w-okada,ttsclient,0
UCSC-VLAA,story-adapter,0
tylerprogramming,ai,0
TheDatumOrg,TSB-AD,0
QingFei1,LongRAG,0
MolecularAI,QSARtuna,0
anordin95,run-llama-locally,0
xjdr-alt,entropix,0
redis-developer,redis-arXiv-search,0
,slashmlamdinference,0
yaoxunji,gen-se,0
McGill-NLP,VinePPO,0
pengzhendong,streaming-sensevoice,0
apple,ml-depth-pro,0
YihongDong,FAN,0
dimonier,tg2obsidian,0
IsaacRe,vllm-kvcompress,0
Wangyixinxin,MMedAgent,0
lamm-mit,PRefLexOR,0
nethermanpro,transvip,0
CyberOrigin2077,Cyber,0
Shilin-LU,VINE,0
guoriyue,LangCommand,0
Evil0ctal,Fast-Powerful-Whisper-AI-Services-API,0
fairlearn,fairlearn,0
google-deepmind,synthid-text,0
SinatrasC,entropix-smollm,0
zeroth-robotics,zeroth-bot,0
fw-ai,cookbook,0
thuml,TimeXer,0
VectorSpaceLab,OmniGen,0
EnVision-Research,MotionInversion,0
DAMO-NLP-SG,Inf-CLIP,0
dmlguq456,SepReformer,0
carlosferrazza,BodyTransformer,0
SWivid,F5-TTS,0
ai25395,FMatPix,0
openreasoner,openr,0
intel,intel-xpu-backend-for-triton,0
rohitgandikota,erasing,0
aws-samples,AWS-First-GenAI-Journey,0
IBM,materials,0
PKU-EPIC,GAPartNet,0
chengzeyi,ParaAttention,0
facebookresearch,optimizers,0
xiaofeiyu0723,ExVR,0
THUDM,GLM-4-Voice,0
tsinghua-fib-lab,AgentSquare,0
,young-howDQN-based-UAV-3Dpathplaner,0
microsoft,OmniParser,0
muhammadanas0716,Machine-Learning-101,0
rese1f,MovieChat,0
EnVision-Research,DisEnvisioner,0
xszyou,Fay,0
akatz-ai,ComfyUI-DepthCrafter-Nodes,0
lucas-ventura,CoVR,0
EdwardChasel,Spatial-Mamba,0
Adlith,MoE-Jetpack,0
xyfJASON,ctrlora,0
rhymes-ai,Aria,0
,smthemexComfyUISapiens,0
facebookresearch,co-tracker,0
opendatalab,LOKI,0
Bjarten,early-stopping-pytorch,0
LeCAR-Lab,anycar,0
THUDM,ReST-MCTS,0
alibaba,Tora,0
Yukun-Huang,DreamWaltz-G,0
joshpocock,Stride-AI-Agents,0
megvii-research,megactor,0
damo-cv,RealisDance,0
opendatalab,DocLayout-YOLO,0
OpenBMB,VisRAG,0
MiscellaneousStuff,anterion,0
Everlyn-Labs,ANTRP,0
Everlyn-Labs,Everlyn-1,0
Nightmare-n,DepthAnyVideo,0
WePOINTS,WePOINTS,0
FennelFetish,qapyq,0
albertan017,LLM4Decompile,0
Reason-Wang,ToolGen,0
ScalingIntelligence,Archon,0
Henry-23,VideoChat,0
Luffy03,Large-Scale-Medical,0
Mark12Ding,SAM2Long,0
instantX-research,InstantIR,0
nv-morpheus,Morpheus,0
metauto-ai,agent-as-a-judge,0
ruikangliu,FlatQuant,0
lmstudio-ai,mlx-engine,0
Junyi42,monst3r,0
daswer123,xtts-finetune-webui,0
junjiehe96,UniPortrait,0
gpt-omni,mini-omni2,0
tsinghua-fib-lab,EmbodiedCity,0
Tele-AI,TeleChat2,0
dle666,R-CoT,0
,VikhrModelseffectivellmalignment,0
opendilab,CleanS2S,0
tegnike,aituber-server,0
DreamScene-Project,DreamScene,0
xlite-dev,CUDA-Learn-Notes,0
mayuelala,FollowYourCanvas,0
DulyHao,AlphaForge,0
OpenInterpreter,01,0
lucidrains,genie2-pytorch,0
zhenye234,xcodec,0
VisionRush,DeepFakeDefenders,0
rainmaker22,SMART,0
data-prep-kit,data-prep-kit,0
NVlabs,EAGLE,0
Picsart-AI-Research,StreamingT2V,0
Coder-Yu,SELFRec,0
,QwenLM,0
,scutcyr,0
ziyc,drivestudio,0
ZiyuGuo99,SAM2Point,0
jishengpeng,WavTokenizer,0
Drexubery,ViewCrafter,0
Costwen,Ouroboros3D,0
potpie-ai,potpie,0
Cornell-RelaxML,qtip,0
apple,ml-sigmoid-attention,0
Hsu1023,DuQuant,0
zhangfaen,finetune-Qwen2-VL,0
ShenhanQian,VHAP,0
bosch-aisecurity-aishield,watchtower,0
PJLab-ADG,DriveArena,0
niledatabase,niledatabase,0
claudiom4sir,StableVSR,0
IntelLabs,RAG-FiT,0
qubvel-org,segmentation,0
zju3dv,GVHMR,0
irom-princeton,dppo,0
,bronyayangLawofVisionRepresentationinMLLMs,0
Plachtaa,seed-vc,0
Linwei-Chen,FreqFusion,0
instantX-research,CSGO,0
lmarena,arena-hard-auto,0
Caiyun-AI,DCFormer,0
Infini-AI-Lab,MagicDec,0
Stability-AI,stable-fast-3d,0
jingyaogong,minimind,0
octree-nn,octfusion,0
linkedin,Liger-Kernel,0
fletcherjiang,LLMEPET,0
facebookresearch,sapiens,0
splunk,DECEIVE,0
OpenGVLab,OmniCorpus,0
TrickyGo,Pano2Room,0
showlab,Show-o,0
GradientSpaces,LoopSplat,0
oracle-samples,oci-data-science-ai-samples,0
dynamic-X-LAB,PhotoPoster,0
xubuvd,LLMs,0
microsoft,VPTQ,0
LambdaLabsML,distributed-training-guide,0
InternLandMark,FlashGS,0
Lizonghang,TPI-LLM,0
mllam,neural-lam,0
recodehive,machine-learning-repos,0
lxa9867,ControlVAR,0
BatuhanYilmaz26,Auto-Subtitled-Video-Generator,0
MikeBirdTech,ai-toolkit,0
NIRVANALAN,LN3Diff,0
,dagthomascomfyuidagthomas,0
,andyrdtrefusaldirection,0
wyhuai,SkillMimic,0
xorbitsai,inference,0
jnjaby,KEEP,0
bboylyg,BackdoorLLM,0
apple,ml-slowfast-llava,0
anhnh2002,XTTSv2-Finetuning-for-New-Languages,0
,yvann-baComfyUIYvann-Nodes,0
Stable-X,StableDelight,0
cmu-sei,GHOSTS,0
GengzeZhou,NavGPT-2,0
XLabs-AI,deforum-x-flux,0
gongminmin,KlayGE,0
btsmart,splatt3r,0
neuml,rag,0
fudan-generative-vision,dynamicPDB,0
okaris,omni-zero-couples,0
sczhou,Upscale-A-Video,0
opea-project,GenAIExamples,0
Aria-K-Alethia,BigCodec,0
leomorpho,goship,0
shun-liang,yt2doc,0
SALT-NLP,demonstrated-feedback,0
jina-ai,late-chunking,0
Priler,samurai,0
aigc-apps,VideoX-Fun,0
FreedomIntelligence,LongLLaVA,0
xlang-ai,Spider2,0
GiilDe,turbo-edit,0
run-ai,runai-model-streamer,0
Ligo-Biosciences,AlphaFold3,0
NVIDIA,bionemo-framework,0
,ed-donnerllmengineering,0
HandsOnLLM,Hands-On-Large-Language-Models,0
LYX0501,InstructNav,0
devalab,DeepPocket,0
Nasdin,ReinforcementLearning-AtariGame,0
,nico-bohlingeronepolicytorunthemall,0
Oryx-mllm,Oryx,0
gpustack,gpustack,0
ArcticHare105,S3Diff,0
alibaba,TorchEasyRec,0
AIRI-Institute,HairFastGAN,0
VisualComputingInstitute,diffusion-e2e-ft,0
Refound-445,nonebot-plugin-nailongremove,0
stevenlsw,physgen,0
LetterLiGo,SafeEar,0
Classiq,classiq-library,0
facebookresearch,CRAG,0
ivcylc,OpenMusic,0
adithya-s-k,marker-api,0
rsrohan99,Llama-Researcher,0
XJF2332,GOT-OCR-2-GUI,0
jgravelle,GroqCasters,0
hanyangyu1021,LMGaussian,0
microsoft,PubSec-Info-Assistant,0
,mehranshakaramiAISpectrum,0
wwbin2017,bailing,0
xuanjixiao,onerec,0
barun-saha,slide-deck-ai,0
Upper9527,GeReA,0
HengyiWang,spann3r,0
,AARG-FANYoloforWukong,0
,bilibili,0
lamm-mit,SciAgentsDiscovery,0
SOTAMak1r,GVGEN,0
WangHelin1997,SSR-Speech,0
llm-merging,LLM-Merging,0
,benman1generativeaiwithlangchain,0
Positron-Networks,robbie-examples,0
interactive-3d,interactive3d,0
cvg,GeoCalib,0
skirdey,voicerestore,0
KellerJordan,modded-nanogpt,0
omeryusufyagci,fast-music-remover,0
PragmaticMachineLearning,docai,0
xuanyuzhang21,EditGuard,0
haritheja-e,robot-utility-models,0
misyaguziya,VRCT,0
sjtuplayer,SaRA,0
aws-samples,aws-healthcare-lifescience-ai-ml-sample-notebooks,0
Tencent,DepthCrafter,0
ZGC-LLM-Safety,TrafficLLM,0
JinjieNi,MixEval,0
zzaebok,KGCN-pytorch,0
Huage001,LinFusion,0
bytedance,ABQ-LLM,0
microsoft,eureka-ml-insights,0
adobe-research,MagicFixup,0
CausalLearning,MultiRobustness,0
CausalLearning,ReAct,0
zh320,realtime-semantic-segmentation-pytorch,0
CausalLearning,SE-GAN,0
CausalLearning,LPA3,0
CausalLearning,robust-unlearnable-examples,0
,CausalLearning2022NeurIPSPICMM,0
CausalLearning,EST,0
FunAudioLLM,CosyVoice,0
